"year","month","calamar_anomaly","bolivar_anomaly","manaos_anomaly","obidos_anomaly","tabatinga_anomaly","timbues_anomaly"
2019,12,,-0.35457572068934273,,1.1071761751537805,,
2019,11,,-0.1617741575470164,,0.4793729102988261,,
2019,10,,-0.1461338322068115,,0.2538168930436107,,
2019,9,,0.39055094519201455,,1.4083082053251856,,
2019,8,,0.14845472302634735,,1.4761607453612513,,0.3351042231594034
2019,7,,-0.20396812421229946,1.2848348048082523,1.1212872414247017,0.7772754636725364,0.8384685926438297
2019,6,,-0.5643313896603815,1.466896396662131,0.5668190179418927,0.0661808727215374,1.2293440852438067
2019,5,,-1.0248064900075418,1.6680505585081926,0.31564479750588503,0.0476500014422066,0.7040905407070636
2019,4,,-0.9560448530062098,1.8162070275559616,0.7150419029176858,0.919088367405837,-0.004316221088308983
2019,3,,-0.6576231904477641,2.025852347264859,1.3694156262892456,1.2396883995436943,0.11051816893650784
2019,2,,-0.42037437240708625,2.3492570466562426,1.882154569029558,1.2059137286006667,1.3556795685588843
2019,1,,-1.0144451373963022,2.1194479146924654,2.081297452071005,0.7485678430344995,1.5313150682697272
2018,12,,-0.7379924135906969,1.292862449299227,1.1305214212086858,1.187270450851313,1.6021574074630347
2018,11,,0.1973414253824094,-0.2811171546505581,-0.9201827411087495,0.2144181680448967,1.3199799080169263
2018,10,,1.9487615477611282,-0.361791510006052,0.2054108330495501,-0.7678860937344242,0.6807673096246426
2018,9,,2.679456959168042,0.6312728207562006,1.0617479993127295,-0.30294369034012664,0.23776926261263504
2018,8,,2.2720456211526363,0.27061271362997824,0.8665545876519741,0.14874752082223716,0.0059601769127834645
2018,7,,2.0379339620424846,0.3815645212304181,0.7044261824576872,-1.2445788717765993,-0.2541549165041042
2018,6,,0.7100932176660066,0.09613974155205253,0.3019596684262077,0.07841304714306843,0.07798041324046125
2018,5,,0.4505271947277092,-0.16322290350985405,-0.020666257841817724,-0.49836026472168815,0.7281418497357419
2018,4,,-0.6281223380051749,-0.21418109982626632,-0.19436969249834798,-1.2203543198619002,0.6545837531858354
2018,3,,-0.7447751488159692,0.5801936094569231,0.16863218202839456,-1.4873591178111527,0.6477403399989778
2018,2,,-0.01974711606655232,1.0566981086425942,0.49003235375333837,-0.2672618608239421,0.9749362288731902
2018,1,,-0.4602275602154789,0.5362991031544966,0.21615845219672675,-0.29993665895825516,0.6975348419427012
2017,12,,-0.8541096211275361,0.474016592534706,-0.04886444186909865,-0.03480809562277248,0.9782291649356584
2017,11,,0.2747035998026816,0.459936744519113,-0.38330132231873626,0.4738703348326123,1.061869939415286
2017,10,,-0.43476578443443387,-0.3758987692571923,-1.1645384056093981,-0.15775507228022137,0.7394149721658995
2017,9,,-0.33569613965352124,-1.074193891921931,-0.743575455255801,-0.6001343987297598,0.7805305712168423
2017,8,,1.0486860377852636,-0.28900955738084494,0.3516796359449685,-1.5813773055052611,0.8356111430742997
2017,7,,0.7636088194630792,0.9120928903191716,0.7494814027501451,-0.7548793304959848,1.5250112624429781
2017,6,,0.15115694767793264,1.4360037955397864,0.5250406086432872,0.04821014733681898,1.5254431147140761
2017,5,,0.3023212154483649,1.6453253449154144,0.3660188009953162,0.2116551410115834,0.8544585035498773
2017,4,,0.5941124568410845,1.6579930646973644,0.7945637283300702,0.7154863258086362,-0.045431993502253076
2017,3,,1.1262986149267935,-0.000000000000001,1.3101828758591665,0.7859975592726616,0.11400448672282973
2017,2,,0.6763989880920354,0.0000000000000023,1.1473082614337324,1.1736380133011355,0.20083490137521134
2017,1,,1.5888901072263224,0.0,0.19713720460594153,0.5722627908248421,1.057343644343914
2016,12,0.14942663920234586,0.5462159542013901,0.0,0.0,-1.331103495296828,0.6410594668492772
2016,11,-0.5293208161756534,0.06317313561614488,0.0,-0.6023175592636392,-1.6341187623165365,0.9037592466003618
2016,10,0.0,0.5312086937296251,0.0,-0.7511782405441456,0.025928955649106866,0.8675508789297655
2016,9,-0.5531892646905245,0.6258327694838163,-0.12859435926618618,-0.17767487699615894,-0.7867050630667778,1.1510485575635445
2016,8,-0.9216495912827191,0.7725547180660757,0.045725235742506934,-0.16572630218194437,-0.5160889665293612,0.839743999926728
2016,7,-1.2553413005415792,0.729121829197785,0.1345944183787569,-0.38933274102183335,-0.2366259548982423,1.1585566223715595
2016,6,-1.382262972607817,0.3687504196989701,0.382921498873646,-0.6570518929451693,-0.07851618643356896,1.1216702189690886
2016,5,-0.5123204536698271,0.3713482612736774,0.31833519405139904,-0.9488718541903275,-0.5728978503986678,1.5601187642565086
2016,4,-0.7036169826234937,-0.7282186749072387,0.08455364882555563,-1.3231024824017388,0.3932627895051692,1.951909076303779
2016,3,-1.0540619913127365,-1.2554396538186359,-0.3944377464974736,-1.898662172740911,0.28497664468306605,1.6412686329901445
2016,2,-1.310538786215533,-1.090482858982442,-1.3193508966187941,-2.334205379414095,-0.9963557749858992,2.265275218584398
2016,1,0.0,-0.6588344426481824,-0.7233682110739809,-2.4210318526680026,-0.10586534604718849,2.5339214835335957
2015,12,-2.36919128393451,-0.8124968138364338,-1.1270506594158822,-2.303647068514104,-0.5423411357700508,1.6977196470449356
2015,11,-2.084227605040206,-1.5109040107425515,-0.7044705507110663,-1.614774745373247,-0.9890055305511356,0.9235972479542384
2015,10,-2.173047154795857,-1.5593983828615272,0.008325315489651805,0.2220915164139713,-0.3978222965831546,0.7311138577202283
2015,9,-1.5672551372937649,-0.09012227664243891,2.093536888462869,2.0192213126680736,0.06611674563048967,1.4290941047560466
2015,8,-1.6135150011129977,-0.6282511626767509,2.1621575057380173,1.7584259927624233,1.5699778207383877,1.7021552346695163
2015,7,-1.769546706249954,-0.8662246312814301,2.3680731170381772,1.027433340400057,1.8236370931750159,0.6905439131542151
2015,6,-1.34137107931459,-1.1410550027024786,2.5235327093865947,0.4055385926118059,2.1755010570236557,0.26984752618810115
2015,5,-1.243381062029115,-1.1950773847460745,2.3427729716080603,0.22329245777526296,2.201382108066485,-0.11448256578625467
2015,4,-0.07536333115805689,-0.3736518777457026,2.030574413799896,0.7482820259400622,2.023430164363716,-0.2836149078440409
2015,3,-0.5348974049384684,0.12363875807301426,1.8461594007049313,0.8495947176956375,1.514650711090026,0.46037647210005983
2015,2,-0.3272526714760721,0.3897000677118974,1.7005602507026385,0.7748519137481749,1.5664885194882918,0.8236396348936592
2015,1,-1.0659182006415482,-0.5037590204047168,1.2412033257148338,0.6796428518255432,1.2013418823717221,1.1570956447227096
2014,12,-0.6197068379349792,-0.17302483113649417,1.3350028216903016,1.1036869553507676,0.6598693411945447,0.8551439268234592
2014,11,-0.8091578008596866,0.9092457562926494,1.3484710119484402,0.9706396383297785,-0.0937282327306155,1.0843034414373955
2014,10,-0.795102359137953,0.25329294760492915,1.355293100492101,1.400293091975174,0.5111208909924104,1.444909826831256
2014,9,-1.0317899549858658,-0.04845604035148509,1.4695272371753,1.9008804051111072,0.29660847179332483,1.73303712798193
2014,8,-1.5790922736625286,-0.5325973285136082,1.3965521940843248,1.8013322387380066,0.4664205772914551,1.877416983110492
2014,7,-1.5748716063116124,-1.15222748903854,1.4709770860316342,1.0277007304314656,0.442996349589644,1.4505774034203698
2014,6,-0.9046425254645087,-1.2857027818458944,1.545631521646515,0.36628265330858834,0.6205377406768514,0.9780704966373703
2014,5,-0.2908686826706873,-0.8802530672562107,1.2073239067403188,0.13433067597181447,0.6068274102789594,0.5904634255697011
2014,4,-0.6887159231440548,-0.5634808318059296,1.099349753260027,0.6215242362327211,0.4518304637137868,0.05838380133717133
2014,3,0.2870216241984857,-0.6207761776486436,0.9792278817532272,0.9205312886926232,-0.0075982648513762355,-0.32464454875296794
2014,2,-0.46496264853062563,-0.6228481136199244,0.9563079424998409,0.9084782769612767,0.05497976448831323,-0.15329774336044508
2014,1,-0.5314477735415434,-0.4077027113498786,0.6514139372735104,1.2993128288942548,0.08684841205945121,0.11479982746851172
2013,12,-0.6498561246570864,-0.2279843183514097,0.9369379247125329,1.6177554831082515,-0.09146413899822362,0.5215676897464369
2013,11,-0.7010401164316221,-0.3561950875340012,0.7935579374113849,1.0889379808656598,-0.12712441845296155,0.7721980011476619
2013,10,-0.38034364703930074,0.22263749650165618,0.5736323735624262,1.2322031288413924,0.1689610348620567,0.6473348128602187
2013,9,-0.11996340646452208,-0.6423515510963433,0.9654778812090447,1.3250262953532004,1.4377568539873407,0.9468748825540114
2013,8,-0.9093505388410928,-1.3836936241487319,0.9203544093500969,1.2059478142453548,0.9982760507195183,1.4097386643865977
2013,7,-0.6541400698239226,-0.991259675914424,1.0545580515011952,1.1826532536331242,0.5039009341977847,1.0282204818785168
2013,6,0.024433824071268304,0.18747277307989646,1.4201474162026526,0.7071314114353205,-0.21495778630830084,0.4310320619582546
2013,5,-0.4404874116725222,0.011535255451979748,1.631798432062571,0.35584712721379547,-0.007748038515006595,0.32655030810195235
2013,4,-0.5712410179579924,0.03891846774164416,1.6904519024574154,0.7982217322990408,1.200780641281195,0.11388238176936584
2013,3,-0.25475735620356504,0.6828886813808067,1.1510375248511706,0.9679174890366863,1.437542636049298,-0.23915374529367694
2013,2,-0.8212681002663214,-0.4813062257681486,1.0052232642464516,0.1414590045150287,1.0552323515263033,-0.3388942723188224
2013,1,-1.4676473066812699,-0.7978506128619629,-0.10728066961707493,-0.5258815510393725,1.1923702158381206,0.15548215992274883
2012,12,-1.3233021698509124,-1.0806617732814527,-1.5664552320538618,-1.8481486435093162,-0.7255760090849981,0.19005227227721824
2012,11,-1.043516845863115,-0.34554778747456877,-1.1944169395202757,-1.4129487363280895,-1.2722243080369626,0.2685668510710954
2012,10,-1.1147627294477644,0.35066292735662263,-0.7162266614793111,-1.018213526442461,-0.5348062700538645,0.05020703297464596
2012,9,-0.5420401592410353,0.5670887516476412,-0.5989088794224088,0.10937906108470145,-0.8510426978835868,0.5669780008790088
2012,8,-0.6011738801832871,0.5254813064709536,0.10350753325458018,1.2636784092518294,-0.8656527767244405,0.785498229033394
2012,7,-0.7659130091703278,0.32940243360364463,1.0408374902316575,1.3602002344888637,-0.4709315872597188,0.5448714293512632
2012,6,0.4779069031922833,1.2665673977963205,1.7082961027774488,0.799201566266963,0.05284125864044463,0.16465271687969577
2012,5,1.9156229891087255,2.486834696657724,1.9369239647524175,0.6225710174847536,1.3805144947187293,-0.2851433684618234
2012,4,1.230831165828293,3.1372453981008728,1.6005246455074726,1.122193649029097,2.500212914726372,-0.8439506709246086
2012,3,0.279427882118437,1.5116657302158802,1.6162861955696826,1.758496295379353,1.617300079433098,-0.8992227839245266
2012,2,1.5480869695982258,1.342929462804797,1.5378504479005395,1.685951891275569,1.42239345298531,-0.5774286370633781
2012,1,1.9051231935367785,2.0935575717960337,1.0001416614779584,0.6118004020850727,1.5726626334433522,-0.08340288046887194
2011,12,1.5142579966298177,1.9043170904260107,-0.7059434898498902,-0.5279372777887358,-0.013145490802747418,0.5915020960987932
2011,11,0.7502377197136006,0.7601343193909508,-1.4608174422172004,-0.7269826528735,-0.9364867844969761,1.1080705773644597
2011,10,0.4961870201682331,-0.35301943227205335,-0.8574068331674775,-1.178235812910567,0.2457584522534619,1.5144414998550524
2011,9,0.7366284465499703,-0.6169493989913948,-1.0258823747620769,-0.3624129589065977,-0.9640361988200901,1.7062343263311794
2011,8,1.325534767798513,0.2322228713920818,0.23925743695909807,0.9305523871267916,-0.2387422825134893,1.0904509902775161
2011,7,1.5577793672557776,0.9917129884569178,-0.16954468976263973,1.162465306261726,0.4616217617318128,0.2976642527280335
2011,6,2.7260797435160526,1.714768245372272,-0.8538760894227244,0.8278946624644965,0.19811720670850447,0.3803109370741147
2011,5,3.524576116005529,1.1604114472825178,-0.8161669869166416,0.4801675845434796,0.7342040285512487,0.9570204172810526
2011,4,2.5222903122943423,0.5685590925483621,-1.0806710546192033,0.530392224310128,0.08758951869317948,0.9666091363041216
2011,3,1.745158171605738,1.26612425540117,-1.1189133346537974,0.15864111569079065,-1.0818456933426468,0.5957631120393209
2011,2,1.392390547872861,-0.0016457533596682006,-1.3624773822733796,-0.48285441770511683,-1.365280590611794,0.3513880533158093
2011,1,1.9467024185428323,0.7865587724472438,-2.254944212265718,-1.2415031548438271,-1.7935420644371263,0.5006228541116197
2010,12,1.7517991038540028,1.025380330860605,-1.8098579134877266,-1.696545000034331,-1.923171966679648,0.3471783450932586
2010,11,1.922657317186469,-0.3620418708036328,-2.308665502423028,-2.5832397353523247,-2.0302289406183913,0.0886342383724481
2010,10,2.6020208230918263,-0.18240686968689424,-2.281205422381845,-2.372765211226559,-2.303716721714529,0.37223146352319675
2010,9,2.541242925705094,0.3153406517048157,-2.03827114296717,-1.2448922555887805,-1.712861845686612,0.5094983185390813
2010,8,2.6069832258719985,0.4507706370734173,-1.1898557106001633,-0.057978594591574846,-1.0176310783513371,0.5206298668739405
2010,7,1.4349850237088266,0.8095494359846935,-0.6047151580281133,0.5647148910463561,-1.042726609056782,0.4599503409058704
2010,6,0.6391243675552367,0.8731396751002366,-0.3790959954775376,0.7210049964099522,-0.7923868924374462,0.8622251378618718
2010,5,0.19751574252886647,0.8345474345005873,-0.42807985716854297,0.7334906982451337,-0.780682596013259,1.0956498909604777
2010,4,-0.32981581133646176,0.20419252471016677,-0.3505484717685715,0.07282364088726528,-0.764647825961861,1.0595895495960306
2010,3,-0.661183636863649,-1.1657610431442051,-0.13834631491626004,-0.36817353933913866,-0.7409117948305425,1.496994471948329
2010,2,-1.215509007797417,-1.5067509870455262,-0.21120409451389605,0.05046675423254742,-0.23831866376127153,1.9702184104144884
2010,1,-1.565181099673287,-1.83208252790342,0.2147793059077896,0.06018422195228413,0.24355745578782015,1.9689214988009924
2009,12,-1.6234513362710064,-2.134593588057086,-0.7011986203336539,-1.5800922891087676,0.9203974139560921,1.9435572660346636
2009,11,-1.4156597044072257,-2.459289184128889,-0.7861568138813885,-0.8718159708531938,-1.1531180751130938,1.4875677119655333
2009,10,-1.689574242899372,-1.9526612956115175,0.09127430454221971,0.4121871502938946,0.17671986791302255,1.2560466458041224
2009,9,-0.7459674334625997,-2.0398003273113092,1.0860510417121556,1.934193169099901,0.3248356554481303,1.1328242324879076
2009,8,-0.6789648188936678,-1.8915664973888888,1.4916240757548556,2.1398818031914186,0.8639233914744412,0.6470607970151637
2009,7,-0.29065197683366717,-2.0202123824662768,1.442163907365606,1.2881386210240715,1.1382937598886396,-0.15470287883846134
2009,6,-0.23493985158749706,-2.229759314873936,1.528681598906822,0.5269324611398277,1.077474634567457,-0.9365634140242622
2009,5,0.6590129397182557,-1.1226149092669369,1.5281822796097833,0.30095237982146866,1.0331401590599762,-1.2621049205029808
2009,4,1.5081004949957442,0.3757717171517852,1.3450232676930538,1.2378183831787035,0.924222327313398,-1.3298708422209746
2009,3,1.0655412667809776,1.2058881625728934,1.325397648480933,2.103188084026679,1.4220483917710989,-0.9934252321430334
2009,2,1.4280548234457744,1.3224586729193228,1.0512946719380265,2.5562077896687603,1.047886082042839,-0.6674454129733842
2009,1,1.430836211232226,1.0330468020924644,0.06119809229679749,2.383312594373594,-0.4961918643807897,-0.5474690695510923
2008,12,1.9670851665618676,1.3734315985628545,0.48481117068414437,1.1728799582240779,-0.3615417032336856,0.18336843552121806
2008,11,1.7232125049100064,0.25255352297383826,-0.011777886635246343,0.2347664416178631,0.03015864027620636,0.7688520708113948
2008,10,1.7604491440223788,-0.10397006800744818,-0.2536699008843778,-0.10080801963653534,-0.14415432333092693,0.444893292793387
2008,9,2.1935367876069187,-0.6394518295980491,0.1693660100540742,0.1808403128671141,-0.002277562941942625,0.7117481846665965
2008,8,2.2125600916874664,-0.36504749969204975,-0.2573967314855446,0.8990958416222202,-0.37878726984296796,0.46940720714511286
2008,7,1.7018838374535696,-0.6603025736963118,-0.7411890074557715,1.1659413766700466,-0.19781018551655918,-0.1408813269568597
2008,6,1.0499038032953922,-0.9076463718502155,-0.2531106826408336,0.8122868793680365,-0.9256823569156944,-0.09228374864197693
2008,5,0.5629457212308606,-1.3622699029127812,0.11137342740288483,0.5447496402991605,-0.5989972309256221,-0.03079966569354439
2008,4,0.5334768784021743,-0.8664878921148925,0.48808433505949766,1.0383776450444422,-0.20349249764469096,-0.3498524105319485
2008,3,0.9069241026664965,0.43594351084041605,0.7109637021792441,1.4920202832035534,0.35566913420235174,-0.5488848321998299
2008,2,0.5872218777789453,-0.04162939494106288,1.1691013600178268,1.70634330288798,0.27210897756724317,-0.27139271743134236
2008,1,0.849323077342095,0.5403128724971558,0.4622662486111748,1.5267224112018722,0.7433146961825892,0.07464359093607739
2007,12,1.1307993805486345,-0.3155459656093547,0.5739257512859621,0.3137335058804651,0.3262780450755171,0.43987555005410445
2007,11,1.6258272767479394,0.9871310639528363,-0.053320044922353364,-0.11602100465172929,0.6505491333269051,0.43805599402786394
2007,10,0.9456738591625498,1.0248370253204022,-0.8005288151167494,-0.5005188947564778,-0.7696409407707555,0.38193716231298913
2007,9,1.3638649564777376,0.0928412732014128,-0.9095025023449492,-0.4072374320640995,-0.7477973234344784,0.3770553356838124
2007,8,0.9230670200821676,-0.14009454470053415,-0.4155815871609918,-0.0936534507959919,-0.9720924536761302,0.190095550841977
2007,7,1.496514701756283,0.09182639043873037,-0.4005074711331744,0.09170192548339973,-0.8474932944536031,0.345932036241925
2007,6,1.8071871988234156,-0.19536545089122836,-0.24203855568990454,0.4145248919703738,-0.7080201256453231,0.7795049755141027
2007,5,1.0682071212261808,-0.40076937846517174,-0.14780222285761135,0.10849785366954122,-0.5384915702631344,0.8454356393649154
2007,4,0.5217752765184062,0.21118179511729365,-0.409446441751435,-0.3931742560293098,-0.7667419411873123,1.2018636351104766
2007,3,-0.8794001706366973,-1.0225489867316242,0.06059116656556931,-0.24100153781335523,-1.2094916354626584,1.3605033636331272
2007,2,-0.4758463240522461,-0.45573100013058926,1.0197272259271326,0.1582363174738371,0.6543911662518717,0.9896708444499748
2007,1,0.3978408099128763,0.08409728942134564,0.9336713028288475,0.3157029812551739,1.4074541161568328,0.7330205875502549
2006,12,0.29101437369950295,0.5886806772323102,-0.0023979623299177914,0.26450002306676224,0.6028287545382658,0.6360958758151611
2006,11,-0.4076356870339683,0.19648594867243085,-0.897516047256787,-0.41275268051256503,-0.27218269754143404,0.48787971565054183
2006,10,-0.7034999161629207,-0.3371499783745179,-0.9184571086882222,-0.8013967209422251,-0.5158095717931656,0.4574634167125246
2006,9,-0.2715425899356124,0.21803724204014385,-1.1707120940394895,-0.7066493309795122,-0.7050750995245024,0.2772417384223167
2006,8,-0.2138628797695125,0.6457409911179192,-1.4190007432120637,-0.3409669809698631,-1.0679018793858661,-0.0898568651089945
2006,7,1.0421117158415878,0.5199884324381656,-0.9118270544445763,0.4498708725560849,-1.047190550809864,-0.3883774839651194
2006,6,1.6801834018853992,-0.052513992409341986,-0.19747666203554734,1.4608769769320418,-1.7007894422767424,-0.5136296514777352
2006,5,1.2861809423334585,-0.0070652801034915965,0.2266227249091168,1.812656849922545,-0.24331599565829007,-0.4183529374770565
2006,4,1.0064612351549995,0.5120902252907832,0.3939006443211352,1.3820709744767703,0.180743870173783,-0.26936211753264455
2006,3,0.1285425281218241,0.946239545715092,0.6140454419701472,1.3648482816777687,-0.1384519997321095,-0.6158799962198478
2006,2,0.6436206563048462,2.343634486759454,0.2185113192019732,0.8774895930255943,0.35695010483491946,-0.4697004219269252
2006,1,0.9675897193900314,0.15721180986234834,-0.7071628627292441,0.401509942609162,-0.5369775326355185,0.10516803914383305
2005,12,1.2128351138254565,0.3688427283726481,-0.7560611741151381,-0.16041598175780203,-1.4890866931706805,0.551367814588578
2005,11,0.07132548623304723,-0.7562873894204815,-0.5685740535122392,-0.979393526096761,0.10084381864558914,0.9050093744183072
2005,10,-0.55411620222758,-1.3273337955595457,-1.6525714487236045,-1.7132687318243762,-1.3276412332610974,0.7897276134919916
2005,9,-0.6314276054047939,-1.37964026253147,-1.3702480948078801,-1.841875791860548,-1.7465988399647276,0.3402670502041434
2005,8,-0.3706143080770215,-1.3405397888455735,-1.4738640936222889,-1.4142257461737213,-1.285170498318181,0.0410379445119455
2005,7,0.13042178393143125,-0.7229034196800289,-0.8564874573241119,-0.8965716306051735,-0.9004448793867122,0.16795005328675622
2005,6,0.1447006424207462,0.22375928788831592,-0.32897525619349555,-0.20158840440301817,-1.2563034334614376,0.1527071261325277
2005,5,-0.18434531995711662,0.821582547590716,-0.03958692003485624,0.4659595322772298,-0.7644055629964477,-0.17928472717832036
2005,4,-0.4034925639379641,0.3583909918007297,0.10683936719744992,0.6154805775013803,-0.7936952307020049,-0.45785538412068133
2005,3,-0.22145994774953123,0.2500591043671395,0.4482642074019566,0.011772440528017365,-0.37159195660564415,0.06507815317818937
2005,2,0.037148076102151054,0.36259930229946613,-0.1300672265237317,-0.7876093730980677,-0.6894790332419881,0.756155552191944
2005,1,0.03244031002178916,0.11087856320085875,0.4394081783143898,-0.3855470132584654,0.1191936308779621,0.6339396170773468
2004,12,0.5212771015850172,0.05587837495456343,1.0246883553284323,0.03008654858891044,1.0653061402817632,1.1628889804383653
2004,11,0.12203465459676398,0.31217840330666236,0.7734145557144761,0.34156355640720104,1.4359400040978254,0.7098068181081054
2004,10,-0.2797870858760697,1.0547549974990047,0.7850192344622952,0.34427752205835654,0.5767592880955268,0.19723449691256284
2004,9,-0.6541312383201173,0.42305445606829495,0.08411323765982004,-0.2874189422334371,1.1896216243560154,0.3885744702298724
2004,8,-0.7245456939933714,0.2169361202848996,-0.1891528940253927,-0.8504183903484934,0.6215536631579003,0.46627248708358304
2004,7,-0.8734457477493383,0.674344399968778,-0.7860552428071569,-1.2078136271655362,0.8151454247057698,0.2011620738722253
2004,6,-0.3699731869595287,0.9130188312317142,-1.2743435277073882,-1.0825610502920937,-0.6767601243458549,-0.08779254852159492
2004,5,-0.6115980874420182,-0.08959279246167313,-0.8433560817508579,-0.6517943977142004,-1.6593056127206607,-0.5739428480812122
2004,4,-1.0456275274419882,-0.8018833661823515,-0.5484668754046808,-0.5215224822448989,-1.6272881946401152,-1.1198704775676693
2004,3,-0.8798143747501544,-0.6950316815371569,-1.2169909041955387,-0.6487797739066928,-1.668690195379458,-1.1111906182773261
2004,2,-0.4947500805029149,-0.6401360908774416,-0.3736484653375255,-0.4797303663265801,-1.8780147739015411,-0.26860721902760565
2004,1,0.594001092253725,0.24165454103992265,0.0,-0.7794981855831846,0.9532634978932519,0.6542924493303546
2003,12,0.5386612306977646,0.8282382910694234,0.0,-0.48021184760175906,0.05581593755922587,0.4893857191382155
2003,11,0.048679328514541854,1.9990923122605277,0.0,0.27419922246315687,-0.04155096096809501,0.12262913571201867
2003,10,-0.35633407782748305,1.0106838032413892,0.1317279115650286,0.41244377619180855,0.36616943072302965,0.232408699626394
2003,9,-0.7180743987380599,0.4802647776698283,0.6115643667520808,0.37547819601131915,0.26397343963987135,0.2550630870010653
2003,8,-0.2499451050998255,-0.031102580403447145,0.9320916786921366,0.015420011585758587,0.574574810895073,0.005549626246974067
2003,7,-0.14038986213910637,-0.33039039530496583,0.7270939892015842,-0.20523470439656738,1.3438916289070197,-0.1516783709839871
2003,6,-0.6083917257295237,-0.032352491278192834,0.2667325123515519,-0.34111252602288794,0.9978396554116458,0.2228990753623318
2003,5,-0.6478044375983256,-0.35665884771338896,0.00694566017892814,-0.45465767251998696,-0.07454000158398574,0.9069855905069656
2003,4,-0.8882040162605783,-1.0825728355352247,-0.050752498432374026,-0.7002875457719412,-0.546251873578399,1.1688759511597206
2003,3,-1.0449437479817683,-1.3867904813492147,-0.10008910693898455,-0.9449435260570875,-0.11472643818111605,0.7986152872949114
2003,2,-1.2239515018838576,-1.1570690673885313,0.08643995048612269,-0.6383899778408973,-0.13138349293430418,0.5587539740696088
2003,1,-1.530016144190351,-0.9613063168037578,0.9128317934662302,-0.12812612919649718,0.6970397845882226,1.2237169056029804
2002,12,-1.5965213327179257,,1.2103906860201397,0.25673798748802523,1.2061130716119275,1.388885384138321
2002,11,-1.1783981712312317,,0.47169180579266223,-0.14890219326283133,1.2937501090591248,0.9093357971608061
2002,10,-1.7895041806903162,,0.2123374294019764,0.37136759340692155,-0.4407097841166273,0.9408283186211146
2002,9,-1.474721616283169,,1.0305222306350812,0.5753547799440846,0.7086575400996593,0.7709509686946066
2002,8,-1.4600509590817505,,0.6440255539831921,0.4069997676943872,2.101490382836066,0.43852211571821637
2002,7,-0.6051595153711461,,0.4254703172929349,0.36738104786633285,0.2678251180376723,0.5076079267940024
2002,6,-0.3548933220956468,,0.47013158522787807,0.19034037113031185,0.6359082394000902,0.7885374544072836
2002,5,-0.6506135509725218,,0.4203281169618463,-0.14514817031089067,0.4947632601039656,0.8714987881201798
2002,4,-0.3501087854094017,,0.5626353691369075,-0.12375431153215019,0.5948382679809645,0.578566480572827
2002,3,-0.8955771424011655,,0.4923179620424542,-0.21916392138973653,0.37648952495118265,0.22653920193864677
2002,2,-0.7450373977491859,,0.06451337312179858,-0.3332402621430343,-0.10061753727799166,-0.33054579677672113
2002,1,-0.12651153274026283,,0.4959847453425032,0.2628661823918788,-0.48792848731036803,-0.5050197804491464
2001,12,-0.5933087159489547,,-0.7264353950731369,-0.6630410513477776,0.10138431633744549,-0.12097638597532673
2001,11,-1.1064265895103484,,-0.692801084543878,-0.6238207475683384,-0.44858831660241544,0.23617260758469827
2001,10,-1.2092839181305521,,-0.4622827743852618,-0.28301240715559745,-0.36028796424253895,0.21514659784645543
2001,9,-1.4725161205142516,,-0.2683003699048499,-0.2695536292878334,0.6963664240938134,-0.2762695595615723
2001,8,-1.5321838002589505,,0.12372917157815334,-0.2751613340522535,0.2174669514315112,-0.44809629438993476
2001,7,-1.504487391367537,,0.07765408911017997,0.035817408918867776,0.14632380687332797,-0.5940117812136926
2001,6,-1.3600936128339032,,-0.04629428663150542,0.21887581295313177,0.24910976921472192,-0.4181797399717878
2001,5,-1.6175950936631194,,0.12408872548455688,0.5575045963109061,0.22344195802375633,-0.11946384998909507
2001,4,-0.9289174328365638,,0.49949250041653953,0.9405657997872089,0.0276708024036254,0.2987834840252569
2001,3,-0.6140103906087985,,0.5437912964118795,0.4730742462870892,0.02242183343763555,0.5500588188614304
2001,2,-0.9753710514019932,,0.42580421467351215,0.19040928232425783,0.550107280652019,0.4393491207109665
2001,1,-0.7767793919390393,,-0.7942452872554323,-0.46987454424428243,-0.5128366667654981,0.27188844147100705
2000,12,-0.3220771105167327,,-1.789523410185932,-0.3036809812967734,-1.4570414197682764,0.5822825133959674
2000,11,0.32934318482913133,,0.133163160135705,0.886639599966626,-1.6323430960000107,1.0051446126357646
2000,10,0.8382739111704016,,1.2735567550867448,1.1109473920769457,0.453687293527184,1.1291613400176688
2000,9,0.4651740812859737,,1.0298609813599837,0.8501850828516371,0.2467658772316863,0.6645052986680596
2000,8,0.5593683037873102,,0.7890646679955541,0.6414173194430118,1.8081640308242246,0.01000755071137614
2000,7,0.758719768229551,,0.2185185181440901,0.5362378527012716,1.7328189678536947,-0.08538788250094946
2000,6,0.46053568223869545,,-0.3699831337895291,0.5963003860129829,1.0667022669698945,-0.10763346632292319
2000,5,0.018133788490904273,,-0.7970940397941311,0.6982934778582884,0.8347287393550662,-0.2995723769312588
2000,4,0.5001566307723602,,-1.1013649359645337,0.2011718671028545,-0.36284791109120546,-0.9261674971997211
2000,3,1.3037316433585182,,-1.0989732141323085,-0.3380576108072199,-0.6929159522031509,-1.2936051461910238
2000,2,0.9973090942983457,,-1.1330451062133973,-0.6218985257925432,-1.1449344086042743,-1.3557629196763978
2000,1,1.6747061708667097,,-0.6758609530317802,-0.7949265308512665,-1.2309241341852153,-0.8815230480729204
1999,12,1.3529299192115187,,-1.8316044717080548,-1.2929635044290368,-0.7542885740535521,-0.704074112193554
1999,11,1.750938016930501,,-1.0127841238226618,-0.42869009610420494,-1.2634825661709903,-0.6861790501887449
1999,10,1.4516722322838589,,-0.02358681597021329,0.4533435286718796,-0.5484809361170133,-0.1655926861378597
1999,9,0.9625944615800522,,0.48062088225171157,0.9220493116177862,-1.0415126128155625,0.20435079954828905
1999,8,1.1328907710612448,,1.311037803163742,0.8766785333316063,0.14566131884876687,0.6961670443012344
1999,7,1.441516803567424,,1.3010708023105375,0.9899987360027616,0.928693736195082,0.6343931776316322
1999,6,1.257633837855383,,0.8099501975736741,1.3170961871949556,2.079002792142689,0.11188325296866374
1999,5,1.6847183286599083,,0.5580320898037978,1.0604373555082645,1.8091056123613591,0.27667595222835906
1999,4,2.6425950166287677,,0.9568803393825598,0.8850595656493652,0.9256409214983818,0.34397305472340567
1999,3,2.801838887714393,,0.9384201932441334,0.7660979490170928,1.1699037759000837,0.41150655265240427
1999,2,1.7664831635292213,,-0.02586621554723056,0.0627043236848555,1.2139228193909088,0.3857256032159991
1999,1,1.2510521833818167,,-1.6480397015374966,-0.5630786574391319,-1.0050388195530227,0.14045637662970384
1998,12,0.48380744487420774,,-0.5103955549119923,-0.09632374512194702,-1.0529505221639595,0.8132686495185532
1998,11,0.030859401129488172,,-0.6447822298754702,-0.9673993885896505,0.867590193092991,1.9633994510944075
1998,10,0.3643157804794236,,-1.4126328150829657,-1.354024552981775,-1.7256848913695206,2.4409586305626276
1998,9,0.42091821398174695,,-0.9501290126856843,-0.9573010148629404,-1.1724765730157862,1.9674756162198046
1998,8,0.4345266489979359,,-0.5087587382091645,-0.7484557945750556,-1.1211217178617114,1.2971686278913035
1998,7,0.30509623098533223,,-0.3172693994313187,-0.875581513139547,-0.7234778091984428,1.4885270904775418
1998,6,-0.10540968767877767,,-0.2343837518719775,-1.3023312486402272,-0.524738861987733,2.428039248692381
1998,5,-0.2643381674699442,,-0.588509043603274,-1.7629286669906739,0.6418739619558951,3.168016566697552
1998,4,-0.648843798206772,,-0.6829771041493284,-1.967865442845356,0.6529330774612536,2.69846397771659
1998,3,-1.1523376700653722,,-0.519364920183266,-1.6842824350397585,0.3208070845764015,2.015631101479312
1998,2,-1.1105849789051008,,-0.3089778597260177,-1.7366131461092782,0.29696477657144477,2.1636902544375576
1998,1,-1.9264378679255456,,-0.420385057898796,-1.4993467332967017,0.8833199134043185,2.3748099448432396
1997,12,-2.206715462082036,,-1.038914708151789,-1.5583142349992827,0.46477771672070894,2.3706783614117986
1997,11,-2.1555916892365983,,-1.6790564317351158,-1.688156685977536,-0.7987360552495898,1.8875338511622075
1997,10,-1.8173394504908305,,-1.3126565050041095,-1.6599867797699464,-1.031898860727801,1.1954221756154606
1997,9,-1.9242535480065694,,-0.7862843447414488,-1.098531015096078,-0.6316674687585515,1.2206134926141676
1997,8,-1.808798389716303,,-0.18953854716091703,-0.5655016333645606,-0.7023584011948182,1.2552453200775306
1997,7,-1.419106584003484,,0.4792091822652869,-0.017927987394390957,-1.0044495912659879,0.632339229396998
1997,6,-1.6151391714343335,,0.37936748281532234,0.7662518019522145,0.9610424558143655,-0.20503522384256975
1997,5,-1.5991797948767221,,0.7357757246901719,1.3604210044933984,0.4170263955236826,-0.7497199979675366
1997,4,-0.972919534909295,,0.7112068249495354,1.0767071648932123,0.5074258453443421,0.34206153573947395
1997,3,-0.32777233687021906,,-0.16730586204572476,0.05687496856634198,0.9662997221818675,1.7972716233454622
1997,2,0.2670769649628319,,-1.2103848586100794,-0.22014143478541667,-1.0981636039799687,1.634766344491937
1997,1,-0.5776532194868376,,-0.3468639511979401,-0.059649637869666566,-1.5890234819441686,1.044984584435938
1996,12,-0.21803827662377584,,-0.23451104797731417,0.5162117482629426,-0.4321694858125853,1.282628130439542
1996,11,0.2992214325731464,,0.7547548225278221,0.49231179151368815,0.4083072708378225,1.3037364163366059
1996,10,0.6654742712180404,,-0.19128901352184313,0.009541116466558827,0.9708114220557874,0.5707456339924954
1996,9,1.273569364997366,,-0.3703585507052364,-0.010573754407207606,-0.1937646736812988,-0.07746074168176133
1996,8,1.81342714447252,,-0.42493786757936153,0.0069833901860649385,-0.016535740423621773,-0.25084951313225934
1996,7,1.4624372058830277,,-0.11237568447290433,0.16697221932510234,-1.2757751543728504,-0.24555094346765172
1996,6,0.609356322629133,,0.016584459015747538,0.4375424306782841,-0.11478483528423981,-0.00772533332135637
1996,5,0.21597563041644222,,0.022366340831168383,0.6193419146969703,0.01610623400962981,0.5937824986949225
1996,4,1.2626727796688728,,0.1752883593396967,0.7381032322872778,-0.4451939259243142,0.44229797758254036
1996,3,1.2367226223369943,,0.27019429390773114,0.3757327142550079,-0.014619094289935883,0.20079869521808857
1996,2,0.2976987396867073,,-0.006780610257885091,-0.0722832819589809,-0.15933436269573384,-0.12650001903390193
1996,1,-0.08066085833938857,,-0.05892049850409918,-0.13869348896915543,-0.23353452178521653,-0.5646149589382057
1995,12,-0.24124510920745984,,-0.005126262301753324,-0.22650417039961884,-0.3989705825676944,-0.15011041159767616
1995,11,0.05472055389697427,,-1.0538127114716047,-1.2600234831124346,-0.4143725925801345,0.4294190815444678
1995,10,0.2904236928158554,,-1.6741318711092092,-1.6918404693485427,-1.2493630096888002,0.3501757808082913
1995,9,0.9133762287957624,,-1.8007536289584336,-1.633388933041969,-1.3726098481178757,0.15870858093688722
1995,8,0.7006310852162791,,-1.0404067368207208,-0.9511757544934039,-1.1778392519074892,0.2890083552150973
1995,7,-0.12628184120347186,,-0.8237867862983823,-0.7857384625860412,-0.7919249160790319,0.14027816661667666
1995,6,-0.5602928320857659,,-0.8495019158124812,-0.678177579156539,-1.0307884482414424,0.37447249906067337
1995,5,-0.7425785721515668,,-0.9017923452751453,-0.9102840758763087,-1.635339084795909,0.9661685958667259
1995,4,-0.9839583009565093,,-1.1350322890763598,-1.3714517522524692,-1.1028136588203838,1.6058580816724184
1995,3,-1.0887343273100518,,-1.4466037106191472,-1.213132292462191,-1.2396327825350941,1.722679842096562
1995,2,-1.243797569380472,,-0.6245670024133096,-0.6824057518387139,-0.9025760833713476,1.0313234793899333
1995,1,-0.7733877759743816,,0.5574229168740397,0.13584651792452143,-0.3017073826162033,0.1256349846258192
1994,12,0.017949176549269447,,1.7578596618904072,0.16181938098232945,0.5565553797451935,0.5433782309865598
1994,11,-0.1917209418713195,,1.7133058869602824,0.6937886561451111,0.08110660458882453,0.40325219045315175
1994,10,-0.3444777040202732,,1.3966045213376448,1.2597904128671646,0.6213313077500076,-0.08563627718402528
1994,9,-0.5063305880413628,,1.2313646019225666,0.8746323531982529,0.669325968880952,0.27307510584372935
1994,8,-0.27140794434580234,,1.2855511611638808,0.6462382459571223,0.4772565753316402,0.87502950228012
1994,7,0.18046238857605643,,1.0380933779777497,0.8117832800684991,1.9364157595344869,0.8883574294729479
1994,6,0.5253791011533869,,0.7544528698937095,0.8228497224737206,1.926327133622098,0.22891462080505173
1994,5,0.8136479426025846,,0.7587714765400065,0.9732515802380964,1.311477423647431,-0.3732151476830497
1994,4,1.1285504975109137,,0.976247689872421,1.2788516450914942,0.36137819639505625,-0.2718185556567822
1994,3,0.7114657837939591,,1.0831019979581917,1.5067214236717412,0.3888365008603727,0.3889324227096027
1994,2,0.4059112886621809,,1.4537085107255545,1.8077422515534305,0.21427781855079947,0.19050413471572716
1994,1,0.4573572842048188,,1.8084189482162982,1.950262190890036,0.6905471311757476,0.20844369213344732
1993,12,0.04650281857020659,,2.0889922432547645,1.5809412572205293,2.026728432900694,1.0355582230838185
1993,11,-0.474629164040277,,1.278967785583472,0.6857788725359107,2.4603628790164165,1.6703792954919785
1993,10,-0.1670278590419977,,0.5992748424457246,0.2919899953583442,1.4041874605868345,0.9872270558231536
1993,9,-0.1843768564214252,,0.36122506801889637,-0.13455633973646963,2.3601596996989853,0.1499319747320684
1993,8,-0.5610298362327857,,0.27564297191942466,-0.24611525180473798,1.3230816628607571,0.1783999007643846
1993,7,-0.11229853205511446,,0.6349375526745291,-0.09734282672293687,0.06202201031799997,0.2550989387243104
1993,6,0.22305718699268234,,0.7976478342948641,0.12065713750773237,0.6817159707729011,0.4070602660478338
1993,5,0.3604220236816621,,0.6183621211274845,0.45659513419265635,1.129848186259853,0.4404659258477677
1993,4,0.22194403522212153,,0.626574156370555,0.6463350457613852,1.108572019257247,0.8862206571441718
1993,3,-0.40053419280087166,,0.729976375234617,0.41669608623918186,0.5101273818506544,1.163516928749132
1993,2,-0.4150191705688094,,0.8394230748378805,0.20205471131919595,0.4653213884932412,1.4730363508008923
1993,1,-0.8330177771605385,,0.8325726735062471,0.33493557604141183,0.7022929314401342,1.8454486000778099
1992,12,-1.2185494949074327,,0.28597148251935817,-0.08146499129979293,0.5477749748329359,2.0727011598936276
1992,11,-1.5217186472245174,,-0.3176947967687394,-0.46627446534737554,-0.3303016219784816,1.7155064584888062
1992,10,-0.8621015897063701,,-0.3702450298709797,-0.3835776809007135,0.9557323308293962,1.679899500925807
1992,9,-0.7495351472064361,,-1.140697828162511,-1.49688719608466,1.7015254144201906,2.0052498200176356
1992,8,-0.8341199682881846,,-2.1523285641751437,-2.2604188725629726,-0.4911250216772899,2.115387732097609
1992,7,-1.5000601229192274,,-2.436593028328192,-2.8154961910136276,-0.7802263101054383,2.722173992323028
1992,6,-1.5748348053435954,,-1.9717508326905977,-2.77608434344536,-1.894490706367489,2.8295112551020485
1992,5,-1.575346920297231,,-1.339252706936126,-2.1542959248700937,-1.9692427724407497,1.6481431778169389
1992,4,-1.6303507100260877,,-0.9177730655675006,-1.619400803888285,-1.2165714020352771,0.6629902293657723
1992,3,-0.9022734422353907,,-1.781667293940117,-2.0077075253398986,-1.4683544588136737,0.3121696984910737
1992,2,-0.9077466408921582,,-2.813147154486794,-2.1087564080357653,-2.2259959599603705,0.45544726983505623
1992,1,-1.0790731295086515,,-2.2461592076367296,-1.9427531493574655,-1.3461982443176095,0.563721710498293
1991,12,-0.6364891010639521,,-0.5834665454620339,-1.2786591817196507,-0.8947750526496924,-0.06060783773247522
1991,11,-0.8501638837627922,,-0.9206267259742026,-1.0592859831218608,-0.04120948667645523,-0.1678478677117456
1991,10,-0.422244962538771,,-0.06122734417269688,-0.3912443796008998,-0.6596522753547231,0.1003103745731653
1991,9,-1.0797270541985058,,-0.09252095894666296,0.0685440600661791,-0.8686740918781797,0.08816064794837504
1991,8,-0.5259907238555172,,-0.19710070212271766,0.04892545085882706,-0.7872632465982925,0.6810627434576473
1991,7,-0.6103350545431137,,-0.14713443968906337,-0.10763734293219238,-0.25537964122871837,0.6069411923700816
1991,6,-0.6210627290632009,,-0.357407384660078,0.026695130179549345,-0.03998232009742941,0.8104499184158912
1991,5,-0.33041921541532365,,-0.3991322636634544,-0.1320703040203659,-0.18410127209713611,0.834087672184968
1991,4,-0.10126491615567841,,-0.5391811594163911,-0.30601833537733636,-0.5528719797749911,-0.1365208691347033
1991,3,0.004166237386474159,,-0.6119937358615767,-0.40285681248253435,-0.38642043257501474,-0.4000048638796181
1991,2,-0.5121852076120369,,-0.08462147992426478,0.5796429429686236,-0.49146116784184457,-0.2400050691516165
1991,1,0.019753679593320722,,0.7970914897619812,0.47104316991325823,0.5211479012320862,0.5532723570169739
1990,12,0.12541724686140646,,-0.29316949737178816,-0.05571721042289737,1.2186748187856702,1.7406014026756378
1990,11,-0.014382289513814858,,-1.044111932750714,-0.7214990317872013,0.5536387293596063,2.08733369124213
1990,10,-0.3047530802350615,,-1.181219118327012,-0.4151105881069178,-0.8084474255445574,2.33355897075611
1990,9,-0.4913461903172493,,-0.08115069702120908,-0.07182625593499056,0.5917647885681981,1.9931997072400949
1990,8,-0.5317594545806877,,-0.4612227973738991,-0.19067459689246669,0.31224764315009024,
1990,7,-0.44099203639527557,,-1.048346639076467,-0.32382218332656887,0.9165333431435828,1.6509432773944563
1990,6,-0.2820007805068575,,-0.8834017612918685,-0.36365710160666304,-1.1266826551262845,1.240552256841266
1990,5,0.3485390282178002,,-0.34313084445268127,-0.2544532996773792,-1.4694256034245612,0.6376579174050423
1990,4,0.22969411577259083,,-0.0008749382667066,-0.04916283929533269,-0.5118678526185536,-0.02277616860548914
1990,3,0.3820354455576458,,0.3091470874845931,0.12738335100600265,-0.2102339283022058,0.8234190285673786
1990,2,0.34465688345372153,,-0.29811410803578137,-0.7868198524882416,0.36705812976329527,1.3424226732513969
1990,1,-0.14593882251271603,,-2.8337878829654226,-1.0802452447130544,-1.631993042710366,0.30448340972043175
1989,12,0.3491434302254609,,-1.279704126628875,0.818709363388572,-1.9357337138533905,0.5476465563119421
1989,11,1.0762445162589087,,1.0971352479710152,1.5826692576994423,1.024600072388846,1.5229132375946883
1989,10,0.9898508069087448,,0.6375919529406436,1.1131928686836945,2.3536527880525164,1.998841971558018
1989,9,0.3320497079989104,,0.9866701140743587,1.1268959450166223,0.6162622542626086,1.6206514611862195
1989,8,-0.2604078441136962,,1.1747178035197525,1.1106139924288196,1.674360029707764,0.7463416213347178
1989,7,-0.37919734579985703,,0.8487496324581428,1.3285145157668674,1.881770955315726,0.16466304532157697
1989,6,-0.3768864237088146,,0.33863299106992983,1.5899959098209382,0.9687441952649591,0.20731972873859777
1989,5,-0.29889472088267627,,0.3884046026291332,1.5643388455419576,0.30881218981192343,0.46249055694059554
1989,4,0.6780260781428372,,0.5329210779743809,1.569742482449999,0.2645084791918756,0.5674573001013223
1989,3,1.4064312521562736,,0.4570749583300561,1.1560349952218527,0.2099869233522479,0.5157929248391712
1989,2,1.7094338147722974,,-0.02720285515309693,0.5614839689426192,0.48813348846820886,-0.05889420844800869
1989,1,2.0053816319899425,,-0.717454680449937,0.30851717660976524,-0.5040420725976916,-0.8230550452140218
1988,12,1.5733808318731712,,0.01622565052131039,0.5743161288809151,-0.9804000231809166,-0.9366846166301096
1988,11,1.640440967198182,,-0.385543184410732,-0.21860784856956392,0.09927303690404705,-0.6495882992036751
1988,10,2.197238614683523,,-0.522521151155085,-0.7855661108646446,-0.3327168807746757,0.15564497188766926
1988,9,1.8990706686951753,,-0.7114018963444524,-0.7184699891690848,-1.4744989614904767,1.041176358708604
1988,8,1.1018818678207398,,-0.7433532173012983,-0.46522636187106237,-1.6122393252399654,1.0780955245030823
1988,7,0.30610951425695276,,-0.5013535964642701,-0.3537698668444037,-1.5217024281949363,1.035081175561354
1988,6,-1.0408900837216846,,-0.578849923678659,-0.40874625277421467,-0.7720502732345719,0.6866090752813998
1988,5,-0.8093061620640231,,-0.6856322778866951,-0.5644471673046435,-0.6440116463721112,-0.13538390057562294
1988,4,-0.21486478106650658,,-0.5996709664258185,-0.5526950378065544,-1.4068656791352492,-0.2021406055973457
1988,3,0.0023943642344623596,,0.22428564433500056,0.010059686298713507,-0.48755669112529415,-0.12437121755988315
1988,2,-0.07241756590447301,,0.22757752107742274,-0.2169289026488818,0.13227653774406264,0.08440391240832908
1988,1,-0.2147928838537992,,-0.026680384428781158,-0.3975938033992948,-0.47588756643632274,0.27068023497472976
1987,12,0.5324606113765509,,-0.10568784061149171,-0.43120013723316347,0.44734508798980105,0.4704319500031937
1987,11,0.5906008702224986,,-0.2781498576300506,-0.43526222624508665,0.5328770924279231,0.223540188545907
1987,10,0.16757253167022254,,-0.28826580877090263,-0.6689456793812729,0.05475663005250205,-0.005408926699084283
1987,9,0.01818819982521976,,-0.28639602079897647,-1.0012255060901005,0.0978314577677423,0.823217527378368
1987,8,0.07032218096826917,,-0.6899151067397497,-1.172456281491078,-0.2526644825271447,1.5376440563196805
1987,7,-0.9944785373010104,,-0.6781201608201348,-1.0194373500377214,-0.5726786734247918,1.776310106581263
1987,6,-0.7081342604720555,,-0.009660582645713902,-0.7045058597333953,-0.9473277684435059,1.6377003991154557
1987,5,-0.516333472775822,,0.30616097248383967,-0.24589617728975152,-0.16692619587939825,0.9732560606385525
1987,4,-0.4017844869745381,,0.5886353739041167,0.005707220239212893,0.6691455824324973,0.40634765430635084
1987,3,-0.024943107253714306,,0.6003655918449404,0.24028240062092315,1.6268024089318383,0.19514249448619755
1987,2,-0.18120004231713627,,0.7907921444967726,0.3917370378299647,1.338367519738615,0.17193860072920955
1987,1,-0.8490250692447803,,0.70184953019204,1.0659855251139474,0.9911569841733332,0.17778499875943898
1986,12,-0.1350227615129022,,1.5841381267271961,1.9302328582636852,0.48355624693451776,0.37682937913530173
1986,11,0.3584018164172579,,1.7692850865202443,1.9753540336171602,1.8328697206996143,0.667274283141269
1986,10,-0.1041346605709309,,1.1433597692791113,0.9361209991229161,2.174625538296045,0.7404488199184273
1986,9,-0.6936842102347412,,0.4446715009299574,0.3323596587516298,1.2044557298803122,0.8463125028835586
1986,8,-0.5953261257495527,,0.18392459577519127,0.3481844642222378,-0.1079559011044223,1.1071083591151136
1986,7,0.34514430367444177,,-0.2365467639622104,0.20200031343971458,-0.21710262343792439,1.2781355543805915
1986,6,0.6117260156791712,,-0.39896203395739355,-0.16453962634576416,0.4330957672011252,1.3208246723733577
1986,5,1.0027057315961123,,-0.5730883629510313,-0.021796443817542734,0.5881597530004212,1.0427132154024534
1986,4,1.2054649482371183,,-0.7126913953118539,0.10447332740139494,-0.07000954004811746,0.08993605355280869
1986,3,1.0833060209803649,,-0.6828043498995154,-0.050029441246016965,-0.9955984351534494,-1.0515224939463204
1986,2,0.3700671176261001,,-1.0395225021835444,-0.11039807001956102,-1.0329309403711622,-1.4980639283402273
1986,1,-0.21093296945050713,,-1.010572472439816,0.5221891912129256,-1.9901514145912507,-1.0497237754766147
1985,12,-0.06572419207875381,,0.2796548749758675,0.8051812442370588,-0.638861499258092,-0.5618174419969515
1985,11,-0.006535446489146495,,0.6140364676706698,0.820302161357096,-0.024613836102774057,0.062065345394577046
1985,10,0.25173794462153914,,0.6438841682602919,0.49921540792403774,1.609011783078653,1.0894684057105226
1985,9,0.10994331056443353,,-0.1396470658206718,-0.22979323355927292,0.7443441596752549,-0.7954799215482156
1985,8,-0.6672851147679121,,-0.8946298515925736,-0.9955282784232207,0.4630600462536766,1.285294327354277
1985,7,-1.5814969200106672,,-1.730944562235919,-1.3825530126914785,-0.27975173700703915,1.154841094488819
1985,6,-1.1640553696034406,,-2.301454168562707,-1.6464907486359068,-1.2086835281002517,1.4711705583722199
1985,5,-0.9502968999879698,,-2.565602626174979,-1.8958062467079855,-2.076727318051755,1.5490791419118612
1985,4,-0.7659108044164936,,-2.331138630836458,-1.5508529903828097,-2.326249815212856,1.1744111824260186
1985,3,-0.8188343247133963,,-1.493300690538075,-0.46894057982982773,-2.1349701091265274,0.8150272809914446
1985,2,-0.37310352765083304,,-0.7088037367234622,0.7107033641997895,-2.0527919910680232,0.2708278038964154
1985,1,0.41753772605908906,,0.38755106361123326,0.5887635577806758,-0.3916011203180138,0.7814364720030254
1984,12,1.1293716984475881,,-0.3554162543379159,0.27359269331614017,0.7688873613095241,1.054471112483329
1984,11,1.4390892876920682,,0.04320270335050601,0.5498179302464089,-0.34204833761088194,0.9572426561293006
1984,10,1.3818037262739196,,0.07532951518382794,0.3765161504838246,0.6683425921616986,0.8400328586353251
1984,9,1.2146372207014484,,-0.006268248624213323,0.025156871483999897,1.2175945090589757,0.7441378567869341
1984,8,1.467145253545164,,-0.12632496799021156,-0.20622208490047303,0.43206086198681803,0.6176418303586869
1984,7,1.1597928761102088,,-0.35843108323992856,-0.18531414705657934,0.6279164194529437,0.5903276985215588
1984,6,0.5739871850393008,,-0.4041563651195562,-0.04897896968207494,0.2602848421430342,0.658027600487563
1984,5,-0.07771048449060239,,-0.3680203641019127,0.28593705185827306,0.2586340259601011,0.3635869919360116
1984,4,-0.27729881813262347,,-0.09505862900506903,0.03656168849921777,0.14419818188443898,-0.10494423895753069
1984,3,0.6189141757759056,,0.1918249830209493,-0.05088581836066825,0.5834829446052546,0.7190052891486334
1984,2,0.7932859275452321,,-0.30940052419419656,-0.2790560071876276,0.07126650297757998,1.4947562879701441
1984,1,0.01822106652142501,,-0.12257624401965049,-0.31263223082711955,-0.3901255172697244,1.489287708097067
1983,12,-1.047591561748739,,-0.39459108328134346,-0.5141430317030942,0.44875508001950626,1.8264849176029794
1983,11,-0.9681871528262986,,-0.3050837844315816,-0.5718598436419872,0.26802963183230316,2.1486757474070184
1983,10,-0.6976129544811768,,-0.8875598506670106,-1.0696349407370136,-0.22871550158088705,2.2895570240215535
1983,9,-0.5549001455995006,,-1.595298640776367,-2.028601893557414,-0.025418767559846227,2.412401865865841
1983,8,-0.7790088339356658,,-2.5823485778122572,-2.2991068078387094,-1.1514350794677979,2.7979873175324843
1983,7,-0.7935054921052144,,-1.8230781311608577,-2.2038414941649775,-1.6656260674753345,2.916965192893472
1983,6,0.010019823370207617,,-1.3347618006988768,-2.211366373227989,-0.5641033080685445,2.8119715124507882
1983,5,0.292602000790352,,-1.3633306118141884,-2.3013815568536553,-0.36483246628378746,2.4202087978195976
1983,4,-0.38483118577038605,,-1.2268547548919866,-1.830769815834404,-0.7351951085974346,2.532435719682395
1983,3,-1.0231750206856276,,-0.5090934394960337,-1.3774139689562168,-0.38206267637177094,2.8992310017703127
1983,2,-1.271254114446378,,0.3866719572762237,-0.5908213610988626,0.8272218219944235,2.9099739294578706
1983,1,-1.128769527451041,,0.791064237395168,0.030384267393386014,1.9971641183753435,3.0731871633371792
1982,12,-1.0105838021882683,,0.6294407246259299,0.18976270906578213,1.9691110313231712,2.2698737430230502
1982,11,-0.2635406492110799,,-0.11691720894842711,-0.03407475695760313,1.5172791803663614,0.9872702360701552
1982,10,-0.4494700990557427,,0.0881169205108548,0.03744918286472461,0.9676329861600284,1.5920388938433376
1982,9,-0.7746713122198299,,0.4070125483116104,-0.02615553111164323,0.7661291032166507,2.4209593791110677
1982,8,-0.2584638608830223,,0.3526059237479494,0.0013188015319857255,1.1456593405192486,2.0859937765054517
1982,7,0.7571764598620065,,0.31158965875578104,0.4339611656872346,0.023693682851882943,1.1210614749797647
1982,6,1.7064850363168187,,-0.0998779133569876,0.9153928404294995,,0.6936933724525217
1982,5,1.4725633852563231,,-0.2849651191854502,1.101124050634343,,0.9034378463485401
1982,4,1.0666773215372651,,-0.6275281143906863,0.6555595775092223,,0.790056768875273
1982,3,0.7068865272062934,,-0.30064962148651736,0.6209420280836221,,0.7127054045562118
1982,2,0.8281934015144767,,-0.07259172347146399,0.7180064298406819,,1.0536477547642051
1982,1,0.5806616821835227,,-0.04385236758706357,-0.05140709724699424,,0.9179838194968983
1981,12,0.726541395818867,,-1.313494375969502,-0.9041076991788328,,0.17520811890618437
1981,11,0.6219038676649923,,-1.1395790080451245,-0.6756173482411665,,-0.3673045354494867
1981,10,0.6805791925078929,,-1.0998713740332078,-0.7941470393261495,,-0.25591260865652943
1981,9,1.3269553361096835,,-1.0649767221483184,-0.8948395823839507,,-0.10449939045960208
1981,8,1.6807463377935992,,-0.32818923314568244,-1.036385630630308,,-0.24139294881290288
1981,7,2.688806155038168,,-0.8400227838006673,-1.3937833940106668,,-0.3265920960662312
1981,6,3.1394442989471587,,-1.1395643033417573,-1.765677455917965,,0.1166773678646385
1981,5,1.9144413779275165,,-0.9929637379033148,-1.607608822898264,,0.23594576316792681
1981,4,0.019855586131427388,,-0.5688954505789164,-1.0159891926591087,,0.2908964964696508
1981,3,0.585018472491323,,-0.5201532505294644,-0.9547918628755818,,1.054830224128571
1981,2,-0.45032365521538814,,-1.199179837233239,-0.8154399745944458,,1.2924868669348892
1981,1,-0.1395387438513744,,-1.0325776296658271,-0.6905210162973977,,0.7296535736507193
1980,12,-0.5170816892597254,,0.008040750605802454,0.1651459676589312,,0.6578535138681524
1980,11,-0.4459755308018104,,0.40144675517256795,0.3091547396499752,,0.8610318387677872
1980,10,-0.2978602231399103,,-0.2721405974678611,-0.9001014569274634,,1.020651862016426
1980,9,-0.7198906893712854,,-1.2419496074079004,-1.6012851000043808,,1.002577334357016
1980,8,-0.5686951359634914,,-1.8519550741846869,-1.7236087052167643,,0.6608276014191243
1980,7,-1.01823613277715,,-2.545808696033705,-1.9534307297502185,,0.4190348631242496
1980,6,-0.911536177973712,,-2.422290714545685,-2.35467419984094,,0.3495675302125393
1980,5,-1.214398146263598,,-2.3610757038399757,-2.587641518990706,,0.5207816115451093
1980,4,-1.242260327724128,,-2.5057631526505153,-2.2682988992533457,,1.1132798588813841
1980,3,-0.7064469419286692,,-3.1434847808111885,-1.7697774169858236,,1.046818414375165
1980,2,0.09211234339158857,,-1.561891655152451,-1.2082945401045648,,0.8014157951820812
1980,1,0.219050142386844,,-1.0071039592853295,-0.8606555086372037,,1.0780621096343261
1979,12,1.0571897710446583,,-0.8635621240923724,-0.875343813048485,,1.4930265103518403
1979,11,0.4776569554609816,,-0.8967456912995398,-0.37882405866025987,,1.5279014927113932
1979,10,0.278089106435059,,-0.6436744869871658,-0.7630953056785348,,1.4145070607926369
1979,9,0.27788532661521037,,-0.7374002824775474,-0.9243912278578814,,1.0751228796241579
1979,8,-0.24281716658735442,,-0.9471289806067591,-0.7514688736463752,,0.6040048452885819
1979,7,0.3798765364308981,,-0.6216371835938749,-0.1605805691512238,,0.44892303362373964
1979,6,0.3743846101137401,,-0.4812511750000992,0.29076620782167484,,0.39814382305659407
1979,5,0.045734442119911595,,-0.5928376557161839,0.2622031463680595,,-0.20311599315921117
1979,4,-0.5497243469560313,,-0.8864669373784102,-0.09337697422461962,,-0.43844909274067795
1979,3,-0.5791251997198454,,-1.4156965238108394,-0.3182182076511204,,-0.2001067866818217
1979,2,-1.0599219190906153,,-0.9713823214248927,0.1900145220193456,,-0.20852786790017766
1979,1,-0.6747470957637736,,0.5351618857267968,0.8770411323788078,,-0.36324720955862133
1978,12,-0.32619219421975043,,0.41936162679455646,0.5062319882331384,,-0.15984940741052042
1978,11,-0.20211589951260034,,1.2680401436714097,0.8597349422023898,,-0.3122253745294053
1978,10,-0.3398604791718468,,1.0063518550609634,0.3348144420727712,,-0.010371846090992298
1978,9,-0.5170012955115647,,0.17534950959215015,-0.1058106482300097,,0.33617387820612543
1978,8,-0.2034317502390674,,0.30649522276136054,-0.20573999224906186,,-0.29822761497407413
1978,7,0.338207210507196,,-0.024564092347868723,-0.13290570090036652,,-0.8392271806811397
1978,6,0.49758906447566137,,-0.13596484564149708,0.030321180797918384,,-1.2767428141677108
1978,5,1.021722983248409,,-0.5506336876153106,0.0723319024463613,,-1.4953079193886543
1978,4,0.7192748621252698,,-0.9435077641636161,-0.014968454368007644,,-0.6266612957721868
1978,3,-1.0356471667686173,,-0.10843613413402714,0.1452245408945803,,0.04260311494186596
1978,2,-1.0912911904804097,,-0.10896538423536808,0.4677283965257459,,0.4036669396235596
1978,1,-0.8175639286855917,,1.0972884602392994,1.5129848434974151,,0.7029859527869364
1977,12,0.0017127918706967104,,1.8839842247188696,1.5425746242170568,,0.2346280168161552
1977,11,0.2065274352946444,,2.069895100059368,1.4992853565369983,,-0.34608913100964234
1977,10,-0.16320215845330124,,1.0357155265526554,0.5276046478807931,,-0.35592650653335656
1977,9,-0.9172987775700215,,0.3057285130040215,0.029589618305089452,,-0.276435812454439
1977,8,-0.5081629752034836,,0.2055547064198092,0.03964516731916361,,-0.35973101314177974
1977,7,-0.8284092035691755,,0.12476134946892165,0.28328688298812504,,-0.5635560117906178
1977,6,-0.8293019538653494,,0.11363643599302524,0.40096661574516523,,-0.37494842720028926
1977,5,-1.470874656237836,,0.09784651455003893,0.12754956011746732,,0.2733756007081952
1977,4,-1.5474197493988606,,-0.34365051132012764,-0.7109434703771998,,0.8603083180296627
1977,3,-1.5665878062018705,,-0.8587643204083273,-1.0899567174714486,,1.602098459591982
1977,2,-1.504668477905925,,-1.597498439781515,-0.9091955470113176,,1.583119675432251
1977,1,-1.703769055785616,,-0.5376037442590553,-0.4607866148397953,,0.9070506996507033
1976,12,-1.283858952588656,,-0.4102491526849245,-0.5008366849966883,,0.760173087161121
1976,11,-0.44430491260946203,,-0.12476342703150008,-0.23801617039185696,,0.40254133345863363
1976,10,-0.7079522401239031,,0.5043277940739709,0.23697581849299348,,0.28980010789098287
1976,9,-1.4799921024956546,,0.7453141286638381,0.3746722420438483,,0.4510688037802183
1976,8,-0.8951262712995767,,0.5871836353124514,0.5494581461863537,,0.07423477288391393
1976,7,-0.2794435049522072,,0.34474768182382864,1.0141975338452984,,-0.02027288793470642
1976,6,0.07053512522656413,,0.2150625865805497,1.3137854453260096,,-0.4425912508790363
1976,5,0.6915406890274015,,0.039951327539866605,1.5121888355192459,,-0.6642692434543819
1976,4,0.7723272227355554,,0.10683936719744992,1.1013589307710512,,0.13702853924846306
1976,3,0.9050831954955758,,-0.07829409148526474,0.4727887872488713,,0.3588847122840088
1976,2,0.971798056633675,,0.10250414225699755,0.4611331769488353,,0.4233685934004689
1976,1,1.5090846230695578,,-0.5932705373450102,-0.12009493576927568,,0.6222332523300299
1975,12,2.0784058790143303,,-0.23204964691576588,-0.06594092014231989,,0.5121533271273537
1975,11,2.4861197086169837,,0.44298891345967495,0.8124977568147979,,0.5333635327601359
1975,10,2.09821563177352,,1.5874232805474797,1.8357551624982846,,0.5859079389063564
1975,9,1.4990164398465258,,1.47196256987139,1.4992466779881448,,0.11971003412957286
1975,8,0.8680507141799259,,1.2863895375454564,1.010700290423879,,-0.3487976050244379
1975,7,0.34062350138567477,,0.8700165024259247,0.8676677966330323,,-0.718718906174913
1975,6,-0.23603656903214254,,0.5639029319974731,1.0541286901758098,,-0.3794677202232463
1975,5,-0.4660146720967662,,0.4373720271564294,0.9986000371222002,,-0.2558841742717162
1975,4,-0.5612219993516288,,0.44298228597352185,0.8744036410441051,,-0.4085789198709912
1975,3,0.5331509129506236,,0.6284208776949415,0.5535736950643525,,-0.27754942183636766
1975,2,-0.3966248594599549,,0.7802696624931412,0.5709582162605337,,-0.028302033820393195
1975,1,0.004342403703704791,,0.44281983059749164,0.5773508092262046,,-0.2230552291614009
1974,12,1.845830166156287,,1.000222621885338,1.2163473574650037,,-0.5986212274082059
1974,11,2.3063257537646624,,1.9099463779731558,1.906141288070993,,-0.7769910312384436
1974,10,1.0218910493390758,,1.66159925254147,1.6686275464816804,,-0.30447366769336337
1974,9,-0.14565094542014506,,1.1225971601846079,0.9694662700373197,,0.41285641406320367
1974,8,-0.19394890521139005,,0.7243420113380141,0.5071545160250329,,0.4574400083691814
1974,7,-0.36217418683663893,,0.36258441147422515,0.3778092590912939,,0.5706632165442367
1974,6,-0.1352169010850479,,0.22381093380103603,0.5294549311352157,,0.6251222615582481
1974,5,0.5261597127592429,,0.16683377009954528,0.7204128319546089,,0.834087672184968
1974,4,0.9422936274394349,,-0.12211985845665496,0.7827944981690377,,0.6063903386712688
1974,3,1.6409628257316093,,0.07496660229036353,0.7576769073896845,,0.7000097675623538
1974,2,1.7519116310126719,,0.22485324754470226,0.8770948327206805,,0.7670381469363488
1974,1,1.5351958087388882,,0.36304402804428126,0.8144823625246693,,0.10812264221731252
1973,12,1.2265240657354946,,0.9154673901515628,1.515961930804245,,-0.11933037544844
1973,11,1.2536000435476498,,0.8519052682473283,1.9266791947612507,,0.3643266419257421
1973,10,1.420951196953078,,2.045740125443152,2.0680016001106103,,0.9247411652116484
1973,9,0.736109506369049,,1.4229333553275891,1.1387166032061935,,0.7816671919828685
1973,8,-0.001763245983792523,,0.8933586898634021,0.5583768602374574,,0.8115728590892726
1973,7,-0.7041650854951378,,0.46480259293227383,0.2306110468005035,,0.8953919719133132
1973,6,-1.6121819511818063,,0.2656389689489902,0.06358625386209119,,0.8546657042080661
1973,5,-1.6361664543036394,,-0.1526719114846351,-0.48920907234927674,,0.8443176920914724
1973,4,-1.5414287331838596,,-0.4985893152390122,-0.9829081132875562,,0.8472876185742253
1973,3,-1.31638551033407,,-0.1965436434150234,-0.8741496845792102,,1.0656085049421276
1973,2,-1.3056366348442248,,0.05160200331193744,-0.8024128845323116,,1.2111674221732103
1973,1,-1.251435336649789,,0.5257798419482651,-0.11988358857382295,,1.279054940081132
1972,12,-1.020325632995412,,0.43487141902575543,0.2729273759808192,,1.3815330434722053
1972,11,-0.9535734623760564,,0.6841388597801635,0.659284972905479,,1.2614526813178515
1972,10,-0.7888361254150886,,1.764575077450123,1.1536114476051766,,1.179152657713903
1972,9,-0.499162726792382,,1.2631045671272378,0.49623696547069907,,0.49404968732363946
1972,8,-0.4235127785897491,,0.6664940410093849,0.07218642128940976,,-0.19085868885442578
1972,7,0.7382826240896431,,0.3973431666903862,0.1221843890640544,,-0.4379704325115579
1972,6,0.9984951730776136,,0.2246310913529567,0.2789421297182961,,-1.0301115581689275
1972,5,0.7401873984122924,,,0.38297159063118114,,-1.175328943803245
1972,4,0.34454317129846096,,,0.33731323220885795,,-0.48680349644522974
1972,3,0.1410376855444507,,,0.556571014965634,,-0.6460564434175475
1972,2,0.8868625848513852,,,0.16174151673298004,,-1.355086594248235
1972,1,0.09590184388768454,,,-0.4531781158034812,,-1.2156798269472844
1971,12,0.35425229264587427,,,0.9688493087258522,,-1.2961016559305456
1971,11,1.0666258054544764,,,1.3495640167650236,,-1.2734388488238533
1971,10,1.3909062552608176,,,1.280962049445084,,-1.0114226473197205
1971,9,1.447495410009396,,,0.8892738502739722,,-0.7647682437419265
1971,8,1.1496121877933827,,,0.6459971996314162,,-0.16488291205276726
1971,7,1.4149999597977956,,,0.6855751852433352,,-0.10785351697539308
1971,6,1.9271406693315654,,,0.7407117932489163,,-0.21061716144119524
1971,5,2.124143920766327,,,0.6014203942247692,,-0.5183477046050008
1971,4,3.106095722181676,,,0.4370336012759886,,-0.8069434913159675
1971,3,2.8003661619776565,,,-0.20246456765402682,,-0.21070702727863572
1971,2,2.8767529883318868,,,-0.702143767084372,,0.3407660015814064
1971,1,1.7018532894457483,,,-1.6462330341366591,,-0.42288350818869547
1970,12,0.0000000000000008,,,-1.3329268990372767,,-1.3483796235777639
1970,11,-0.0000000000000009,,,-0.23633206204325616,,-0.8798691969623348
1970,10,1.2614095883511995,,,0.5134902234955134,,-0.52417077652256
1970,9,1.2081991190818888,,,0.06464861589007048,,-1.2046038040327447
1970,8,0.82341812358299,,,-0.228398346865382,,-1.1144696540959802
1970,7,0.3719105710186226,,,-0.3901349111160619,,-0.9691186828287703
1970,6,0.48039410168281976,,,-0.43129082835798976,,-1.4244015529637335
1970,5,0.18612322717795962,,,-0.33970161327487636,,-1.776626780530006
1970,4,-0.004006503984491424,,,-0.6435089624274983,,-1.294746501641517
1970,3,0.2833167985170073,,,-0.831759017403949,,-0.8169202698850533
1970,2,0.7690977418640248,,,-1.350142807599306,,-1.1376733647128194
1970,1,0.9398891572016982,,,-1.7540201038177785,,-0.8468079737294273
1969,12,0.7652427782639125,,,-1.4848853784244325,,-0.21769423315816677
1969,11,0.6281813420847268,,,-0.6613435030914383,,-0.267980654698187
1969,10,0.3121081595147157,,,-0.5954865161033411,,-1.1102902541034037
1969,9,-0.10381139333333506,,,-1.0115685820059759,,-1.593236050884878
1969,8,-0.38534432735334717,,,-1.4701484937374028,,-1.2170388378721768
1969,7,-0.2398475124919743,,,-1.6146475599547039,,-0.563256669559113
1969,6,0.24154470963099994,,,-1.40449128345342,,-0.9111197943050136
1969,5,0.5459349791315607,,,-0.8303637818786558,,-1.6762923499960154
1969,4,0.1634615194893027,,,-1.1177771291869618,,-2.094573079644217
1969,3,-0.3556160578303992,,,-1.168315223462083,,-1.7728181935747356
1969,2,-0.24890819726672125,,,-0.8837335073444191,,-0.7868529395550634
1969,1,-0.31259630321957577,,,-0.3282719232906532,,-0.8100417299988605
1968,12,0.22630678200205415,,,0.2760321902123146,,-1.3046262831296898
1968,11,0.24972725925841033,,,1.0392362466752372,,-1.3289592313267395
1968,10,0.3808553394900373,,,0.7946559728977283,,-1.5152827129323223
1968,9,0.45309250519889066,,,-0.5656073866721173,,-1.4302566645909938
1968,8,0.40298038453919566,,,-1.464845474571881,,-1.5034512544362704
1968,7,0.2893201898948775,,,-1.837116066087196,,-1.8287835190598714
1968,6,-0.22446228314311137,,,-1.5968296206017158,,-1.9342144488696973
1968,5,-0.3923311824005858,,,-1.5000797000650559,,-2.1210374507156553
1968,4,-0.22717823141478485,,,-1.9963342563429893,,-1.824909805129358
1968,3,-0.4434503412229677,,,-1.5875118210841104,,-1.0439078508302626
1968,2,-0.5354157601164704,,,-1.1786194551145417,,-0.7831104273043615
1968,1,-1.0008956719802036,,,,,-0.9019694334843995
1967,12,-0.7259431825128799,,,,,-1.1717190489134175
1967,11,-0.6787652072003054,,,,,-1.295499927964073
1967,10,-0.7480066656840031,,,,,-0.9810589593865501
1967,9,-0.27731579944836615,,,,,-0.7089510903306652
1967,8,0.03044681762688503,,,,,-0.707206156740309
1967,7,0.30604715836331464,,,,,-0.8512354094295865
1967,6,0.0047124943077248545,,,,,-1.1695256407744201
1967,5,-0.15529552053983287,,,,,-0.5168098584752648
1967,4,-0.22177356997827333,,,,,0.5156613018270505
1967,3,0.3254275500518252,,,,,0.3293437317060668
1967,2,1.0010279677524418,,,,,0.18657449685249003
1967,1,1.2919218652990299,,,,,-0.23732282478143016
1966,12,0.33990548721868735,,,,,-0.39813017163144304
1966,11,-0.12833870014948176,,,,,-0.297824392312873
1966,10,0.00689310694498135,,,,,-0.6218399880725013
1966,9,0.3384067252152005,,,,,-0.8740698549358563
1966,8,0.4183900077091714,,,,,-0.7554179607261476
1966,7,0.31546289830267643,,,,,-0.34710855208706737
1966,6,-0.4321923177031028,,,,,0.46156049704360347
1966,5,-1.1031706333757785,,,,,1.451873893937507
1966,4,-1.0756590895750568,,,,,2.3832282551077015
1966,3,-0.7377423638343262,,,,,2.488834606777906
1966,2,-0.23971104171229443,,,,,2.0569350924862877
1966,1,0.34726457854032455,,,,,1.5518991698711273
1965,12,0.001628810570635205,,,,,1.0996311967710364
1965,11,-0.6862408017377851,,,,,0.9778575089703286
1965,10,-0.7049180637949376,,,,,0.38344427457977065
1965,9,-0.832241238540828,,,,,0.3766416366248188
1965,8,-1.068725554272926,,,,,1.014924722047329
1965,7,-1.516163532451283,,,,,1.2576190983597544
1965,6,-1.0646261827022359,,,,,1.1225498517202157
1965,5,-0.7082226696941343,,,,,1.0410817612474286
1965,4,-0.7584411544122585,,,,,0.8897052716460127
1965,3,-0.8950478815895259,,,,,0.14567647174116546
1965,2,-0.7811514119800177,,,,,-0.3675903672719735
1965,1,-0.6120660592956024,,,,,-0.6941328691211268
1964,12,-0.32903356153850005,,,,,-1.1194891750726825
1964,11,0.351820593235278,,,,,-1.381734235092176
1964,10,0.7216889837476331,,,,,-1.3363831461909383
1964,9,1.2329298620789377,,,,,-1.1332310504904757
1964,8,1.2323500106598688,,,,,-1.4211410327598546
1964,7,0.626852642158248,,,,,-1.5236041140406154
1964,6,-0.2841354626759004,,,,,-1.074693773125126
1964,5,-0.8789320435530305,,,,,-0.7264383448208385
1964,4,-0.650857799402453,,,,,-0.9563660555512682
1964,3,-0.9772443867711484,,,,,-1.1474998661717355
1964,2,-1.0768359696857355,,,,,-1.6576820758326618
1964,1,-0.7470779182401752,,,,,-1.004116701427941
1963,12,-0.29667276724810404,,,,,0.10940376818557138
1963,11,-0.44587428121439493,,,,,-0.47427625696939657
1963,10,-0.4106194499739828,,,,,-1.4890222260712016
1963,9,-0.0774913960322137,,,,,-1.2813378911744324
1963,8,0.41271610543427795,,,,,-1.2691571319042987
1963,7,0.4461140844480356,,,,,-1.1602026449936549
1963,6,0.7086484198497568,,,,,-0.9794710477008728
1963,5,0.9570241974395389,,,,,-0.7308245494343462
1963,4,1.0688697785350947,,,,,-0.2755039298418559
1963,3,0.3449871887428606,,,,,0.20624946493066248
1963,2,-0.010141943777948054,,,,,0.28560404422909763
1963,1,-0.42077324254420045,,,,,-0.357792743794646
1962,12,-0.19803673032577618,,,,,-0.9655649474232602
1962,11,0.03060627716095048,,,,,-0.594190478251568
1962,10,0.2995592019802421,,,,,-0.5678340463432326
1962,9,0.7862845351119134,,,,,-1.2397617801366285
1962,8,1.1248777670128578,,,,,-1.4295376043532377
1962,7,0.9912448956062573,,,,,-1.3687635882133258
1962,6,0.6014442896356155,,,,,-1.1397838069611754
1962,5,0.24422282601252712,,,,,-0.5686553319099287
1962,4,-0.11283904960933987,,,,,0.12146966379785834
1962,3,-0.08415128413846101,,,,,-0.10740261536420811
1962,2,-0.2564862936526432,,,,,-0.5093456561655204
1962,1,0.05982867325103286,,,,,-0.42181922218596823
1961,12,0.39762863412768096,,,,,-0.12335823174140645
1961,11,-0.11215564109430617,,,,,-0.1773709002072738
1961,10,-0.56462038875775,,,,,-0.2552352548287623
1961,9,-0.3982288616031165,,,,,-0.40327774823685325
1961,8,-0.7586365218678718,,,,,-0.0757363327953554
1961,7,-0.9095809881126528,,,,,0.7508211872591913
1961,6,-1.4189442542832074,,,,,1.4475725202091037
1961,5,-0.8251352929821133,,,,,1.7955223273458096
1961,4,-0.43518121566241635,,,,,1.249896823321856
1961,3,-0.7494551357093109,,,,,0.45106845835268283
1961,2,-0.12068770589424203,,,,,0.31861834872636047
1961,1,0.2158004350399546,,,,,-0.01237146511414677
1960,12,0.18878113775787042,,,,,0.1681864231596397
1960,11,-0.27349685864022866,,,,,0.36892270007995454
1960,10,-0.5157932359856402,,,,,-0.15582055456880622
1960,9,0.09615896200870125,,,,,-0.33850355912463864
1960,8,-0.12881756461295843,,,,,-0.6680221559711861
1960,7,-0.06076138596317345,,,,,-1.0034163946615826
1960,6,-0.182591177845736,,,,,-1.058387675326078
1960,5,0.02034094899920123,,,,,-0.6374706030718524
1960,4,-0.19171651415918298,,,,,-0.011519286367033189
1960,3,-0.3046229291958874,,,,,0.15657624445954696
1960,2,0.18825096022491689,,,,,-0.0002971594941622
1960,1,-0.10741063278867599,,,,,0.0058544326825515905
1959,12,-0.4244783090584883,,,,,-0.15023064611388412
1959,11,-0.4000082181153664,,,,,-0.10971692417726689
1959,10,-0.6675350326114271,,,,,0.025293438147969974
1959,9,-0.6798512110370478,,,,,-0.039222576322442186
1959,8,-0.6486039100633875,,,,,-0.014221024597021084
1959,7,-0.521602617896009,,,,,0.26116637549365956
1959,6,-0.8136541460390618,,,,,0.805539767617976
1959,5,-0.7383871966408612,,,,,1.229327500102152
1959,4,-1.435935860427799,,,,,1.2960572104882113
1959,3,-1.319749768188928,,,,,1.1231017995486186
1959,2,-1.4934289797402458,,,,,0.9588285336696372
1959,1,-1.5623003547325944,,,,,0.781186785669122
1958,12,-1.8842272698455618,,,,,0.5821057686571415
1958,11,-1.3728480038618847,,,,,0.11265875355614735
1958,10,-1.4984046440857717,,,,,0.18870504909675848
1958,9,-1.2634318782447782,,,,,-0.11772229496201571
1958,8,-0.8884408655550639,,,,,-0.6593754737345956
1958,7,-1.5730321074492866,,,,,-0.6689705299313471
1958,6,-1.0253010286156456,,,,,-0.4543536270441926
1958,5,-0.8490796403145479,,,,,-0.27290746229914165
1958,4,-1.173580337582797,,,,,-0.14449389655455214
1958,3,-1.156686813256673,,,,,-0.20343476919477527
1958,2,-1.170197838012158,,,,,-0.5663922357583621
1958,1,-1.4732243153595563,,,,,-0.3538863303982734
1957,12,-1.517494929359977,,,,,0.3474200164708364
1957,11,-1.3936041692819752,,,,,1.2232379897849606
1957,10,-1.180953945667707,,,,,1.9065134344193158
1957,9,-1.2066241453145088,,,,,1.6769325761589688
1957,8,-1.0305887125199493,,,,,0.8237091803001348
1957,7,-0.7856018825865776,,,,,0.030396541328874534
1957,6,-0.17146732947861285,,,,,-0.11170571576577158
1957,5,-0.742890695859811,,,,,0.08472868460223729
1957,4,-0.488463019446893,,,,,0.17834201406246594
1957,3,-0.2219892085611712,,,,,-0.0849147664495208
1957,2,-0.18664188007794635,,,,,-0.6177849486296072
1957,1,0.5207762454853838,,,,,-1.1469124381801785
1956,12,0.0000000000000008,,,,,-0.9183969467148799
1956,11,0.6900357534939038,,,,,-0.2864997050208934
1956,10,0.6046588239287664,,,,,0.5030753813915424
1956,9,0.42038305692017125,,,,,1.3558196243245215
1956,8,0.4277464148031469,,,,,1.2952272928987902
1956,7,0.911663186350553,,,,,0.9448294927626243
1956,6,0.7685761945036244,,,,,0.6771674171550593
1956,5,0.2538986609680921,,,,,0.00530896143265556
1956,4,1.1814753896910928,,,,,-1.2529454675968046
1956,3,2.0879120754915923,,,,,-1.9814539367941952
1956,2,2.3134832341025886,,,,,-1.439613906653373
1956,1,1.6185245490923181,,,,,-1.120789054476881
1955,12,0.7380628303654105,,,,,-1.5182108777214984
1955,11,0.7235162661016388,,,,,-1.5826861537494212
1955,10,1.0366826589427849,,,,,-1.358084520749781
1955,9,1.2389463248014974,,,,,-0.7660956893206292
1955,8,1.3872206747035556,,,,,0.0625272127756928
1955,7,1.0338183819877118,,,,,0.3561039155317175
1955,6,0.7372805788510491,,,,,-0.5037727069655017
1955,5,1.0043778228902758,,,,,-0.871985451569066
1955,4,1.1505770422333006,,,,,-1.4075877835961794
1955,3,0.27521680696495515,,,,,-2.1644841387337093
1955,2,0.29210492127597987,,,,,-1.51869834715794
1955,1,1.0791298929557602,,,,,-1.4745276034569688
1954,12,0.6737521502884906,,,,,-1.3092913823585581
1954,11,0.5415707575167481,,,,,-0.4423244606813117
1954,10,0.48113156914461314,,,,,-0.05958420688529455
1954,9,0.7622997686249401,,,,,-0.07972899820459284
1954,8,1.466418235426375,,,,,0.6928774938415284
1954,7,0.8207015265058839,,,,,1.0494841421618408
1954,6,-0.17377826980840255,,,,,0.4197875723449189
1954,5,-0.14697965317018832,,,,,-0.9788189535730715
1954,4,-0.4062713757142836,,,,,-1.3820913038255112
1954,3,-0.4389171073145747,,,,,-1.0328008803857978
1954,2,-0.41360249379636704,,,,,-0.7748902664679985
1954,1,-0.014999740898087607,,,,,-0.4317485268250459
1953,12,-0.5717955062498464,,,,,0.08188208742557058
1953,11,-0.8049053181882535,,,,,0.05570440090914686
1953,10,-0.7993732921227473,,,,,-0.7301123922340264
1953,9,-1.1696334405431854,,,,,-1.240238629519269
1953,8,-1.11114548103007,,,,,-1.473854828323422
1953,7,-0.707797316299561,,,,,-1.1337223706682205
1953,6,-0.45933607445808977,,,,,-1.1061700383147488
1953,5,-0.6211624496446383,,,,,-1.5066746081736593
1953,4,-0.3454179471814861,,,,,-2.2448417025445733
1953,3,-0.6614597729392873,,,,,-2.325660457362311
1953,2,0.004294667141226313,,,,,-1.833954402840719
1953,1,-0.24985850330429746,,,,,-1.3216851316507112
1952,12,-0.6743226767416947,,,,,-0.6037071474438023
1952,11,-1.0335100116402585,,,,,-0.04499216921087775
1952,10,-0.761363637566951,,,,,-0.4902509809936123
1952,9,-0.578495706950783,,,,,-1.0330411288513286
1952,8,-0.2364320509353849,,,,,-1.0520015434473329
1952,7,-0.46365840373274747,,,,,-0.924723927264042
1952,6,-0.6817542890803042,,,,,-1.0707974096810087
1952,5,-0.2709596489948357,,,,,-0.779300133958632
1952,4,-0.8678600548155961,,,,,-0.2346063143716953
1952,3,-0.7762863577254847,,,,,-0.8149070458957358
1952,2,-0.5893254677942378,,,,,-1.6438748788506081
1952,1,-0.26688753743646987,,,,,-1.3385685777848797
1951,12,-0.4013414608915226,,,,,-0.8997605967026472
1951,11,-0.7976322228256039,,,,,-1.2630088608525605
1951,10,-0.6312073671075574,,,,,-1.5097205959235434
1951,9,-0.1842309044955409,,,,,-1.4063884198166563
1951,8,-0.291701232705032,,,,,-1.3819570319907315
1951,7,-0.41238627018876844,,,,,-1.4187307145491455
1951,6,-0.6769169817798121,,,,,-0.9135015838711666
1951,5,-0.5696843323349623,,,,,0.399519101071668
1951,4,-0.33065710297516426,,,,,1.0567946880058705
1951,3,0.8461511546864671,,,,,0.5026179488002376
1951,2,1.456365871961725,,,,,-0.18477628122340184
1951,1,0.8036001206972123,,,,,-0.43605404747244103
1950,12,0.7382952786066522,,,,,-0.6613836448687578
1950,11,0.4271502862720948,,,,,-0.6395014835745637
1950,10,0.5967106011539749,,,,,-0.7584700707541948
1950,9,1.5228390375269618,,,,,-1.0948897825619364
1950,8,1.7611292541448786,,,,,-0.7184492256540027
1950,7,1.680476279718918,,,,,-0.4109375263741145
1950,6,0.8608179652943814,,,,,-0.39236602679687554
1950,5,0.4538807797501605,,,,,0.087202610984856
1950,4,0.807534003130944,,,,,0.29977294246405134
1950,3,1.6661832539732275,,,,,-0.20829663665197024
1950,2,1.0520957923590533,,,,,-0.7263712683606851
1950,1,-0.2523560949770162,,,,,-1.0983422951466404
1949,12,,,,,,-1.6223459922092074
1949,11,,,,,,-1.8466469656621491
1949,10,,,,,,-1.509316788833913
1949,9,,,,,,-1.2758863428269462
1949,8,,,,,,-1.2937394351223748
1949,7,,,,,,-1.061396682271534
1949,6,,,,,,-1.0323223474585361
1949,5,,,,,,-1.3075034755102903
1949,4,,,,,,-0.7965900276520632
1949,3,,,,,,-0.4987624025664717
1949,2,,,,,,-1.2047979951521937
1949,1,,,,,,-1.4163944917342866
1948,12,,,,,,-1.066525870683079
1948,11,,,,,,-1.1939699392987508
1948,10,,,,,,-1.4239050763595242
1948,9,,,,,,-1.1758897385050855
1948,8,,,,,,-1.2755051782295093
1948,7,,,,,,-1.5235810877151148
1948,6,,,,,,-1.4290674176523
1948,5,,,,,,-0.7407068823897796
1948,4,,,,,,-0.21559150437399793
1948,3,,,,,,-0.3340341158759335
1948,2,,,,,,-0.6442498566881417
1948,1,,,,,,-0.9519787814534434
1947,12,,,,,,-0.9427564596986112
1947,11,,,,,,-0.274084219926981
1947,10,,,,,,0.4534852655779083
1947,9,,,,,,0.20863600008147873
1947,8,,,,,,0.05020033107476811
1947,7,,,,,,0.2996203390792903
1947,6,,,,,,0.6886977215163339
1947,5,,,,,,0.9732560606385525
1947,4,,,,,,0.8317717630557425
1947,3,,,,,,0.3293437317060668
1947,2,,,,,,0.11604150704194145
1947,1,,,,,,0.1371486241098652
1946,12,,,,,,-0.0186820619307621
1946,11,,,,,,-0.23878649330262955
1946,10,,,,,,-0.5726015752079002
1946,9,,,,,,0.07384227864800313
1946,8,,,,,,0.8458141971473967
1946,7,,,,,,0.681868855548311
1946,6,,,,,,0.5537052174900579
1946,5,,,,,,0.6403992952884847
1946,4,,,,,,0.9326104839485093
1946,3,,,,,,0.6150298025711008
1946,2,,,,,,0.08086189188534339
1946,1,,,,,,-0.5227328858990766
1945,12,,,,,,-1.0943601611852203
1945,11,,,,,,-1.3428944796503113
1945,10,,,,,,-1.35790215625769
1945,9,,,,,,-1.2627536530725996
1945,8,,,,,,-0.9901408443607599
1945,7,,,,,,-1.2701533492579582
1945,6,,,,,,-1.7132698772689645
1945,5,,,,,,-1.161260994859921
1945,4,,,,,,-0.7915853755485966
1945,3,,,,,,-0.8917784486016445
1945,2,,,,,,-1.7885735787790873
1945,1,,,,,,-2.055646487299975
1944,12,,,,,,-1.6453228082565472
1944,11,,,,,,-1.879701815907245
1944,10,,,,,,-1.9698652875748748
1944,9,,,,,,-1.8425380632578732
1944,8,,,,,,-1.8830953907634929
1944,7,,,,,,-2.01766846713947
1944,6,,,,,,-2.082178545302406
1944,5,,,,,,-2.0827651409477914
1944,4,,,,,,-1.5499980988956774
1944,3,,,,,,-1.419504231150184
1944,2,,,,,,-1.5170972763580828
1944,1,,,,,,-0.7898928609017803
1943,12,,,,,,-0.39466741756465407
1943,11,,,,,,-0.4120762699490551
1943,10,,,,,,-0.9233145455694135
1943,9,,,,,,-1.1516348590961747
1943,8,,,,,,-0.9954884481131419
1943,7,,,,,,-0.6967748179730532
1943,6,,,,,,-0.9954717878632344
1943,5,,,,,,-1.169565363960495
1943,4,,,,,,-0.37049193996610097
1943,3,,,,,,-0.16632023170463903
1943,2,,,,,,-0.3477092252807435
1943,1,,,,,,-0.8315814273949592
1942,12,,,,,,-1.144726400024732
1942,11,,,,,,-0.8204268448345207
1942,10,,,,,,-0.36853570855794265
1942,9,,,,,,0.07975778855697746
1942,8,,,,,,0.8346306783868475
1942,7,,,,,,1.142395365555865
1942,6,,,,,,1.153378758720064
1942,5,,,,,,0.834823163812233
1942,4,,,,,,0.2917999150442025
1942,3,,,,,,-0.04380117178332598
1942,2,,,,,,0.07778768539369543
1942,1,,,,,,0.47810715807438425
1941,12,,,,,,0.17790137206924228
1941,11,,,,,,-0.5558042005475857
1941,10,,,,,,-0.5933520492008392
1941,9,,,,,,0.04360745022435486
1941,8,,,,,,0.04120825794993899
1941,7,,,,,,-0.3181874872585933
1941,6,,,,,,0.26225967473119466
1941,5,,,,,,0.5948656772732591
1941,4,,,,,,-0.3891769304842009
1941,3,,,,,,-0.5984238377383247
1941,2,,,,,,-0.2036759680894464
1941,1,,,,,,-0.07864745710214209
1940,12,,,,,,-0.29886455505015663
1940,11,,,,,,-0.9924910059731558
1940,10,,,,,,-0.6638750034995035
1940,9,,,,,,0.24594624231782183
1940,8,,,,,,0.4097046056084992
1940,7,,,,,,0.391840772708303
1940,6,,,,,,0.5861219842006747
1940,5,,,,,,0.7876848367920655
1940,4,,,,,,0.5933552992384578
1940,3,,,,,,0.3246462090643259
1940,2,,,,,,0.6652685459476201
1940,1,,,,,,0.9753222278938116
1939,12,,,,,,0.5102896921261304
1939,11,,,,,,-0.45668867443261035
1939,10,,,,,,-0.7106775477911731
1939,9,,,,,,-0.8077233516430431
1939,8,,,,,,-1.0702715304320851
1939,7,,,,,,-0.8411844183486717
1939,6,,,,,,-0.5146556531370009
1939,5,,,,,,-0.6016855922616489
1939,4,,,,,,-0.96277602543737
1939,3,,,,,,-0.9397543240359874
1939,2,,,,,,-0.796489908600621
1939,1,,,,,,-0.8236839414883607
1938,12,,,,,,-1.2779702908863864
1938,11,,,,,,-1.6862138956924406
1938,10,,,,,,-1.40079689000455
1938,9,,,,,,-0.7666369778090317
1938,8,,,,,,0.0324782054989456
1938,7,,,,,,0.1333357294783133
1938,6,,,,,,-0.5615219432156129
1938,5,,,,,,-0.8220656289403327
1938,4,,,,,,-0.440227249935033
1938,3,,,,,,-0.11737286750178016
1938,2,,,,,,-0.23424427350857205
1938,1,,,,,,-0.3860084170260315
1937,12,,,,,,-0.352356891311075
1937,11,,,,,,-0.6580940708277377
1937,10,,,,,,-1.1313794050102264
1937,9,,,,,,-1.3063660398524908
1937,8,,,,,,-1.421593613923753
1937,7,,,,,,-1.3075020492195706
1937,6,,,,,,-1.0289634134549868
1937,5,,,,,,-1.047821440785572
1937,4,,,,,,-0.9550611176102499
1937,3,,,,,,-0.5400814282519851
1937,2,,,,,,-0.26119036171362525
1937,1,,,,,,-0.6027115601721811
1936,12,,,,,,-1.1281821305945177
1936,11,,,,,,-1.30444692117094
1936,10,,,,,,-0.9330319677908399
1936,9,,,,,,-0.5158657538246574
1936,8,,,,,,-0.3975930005110935
1936,7,,,,,,0.07897057497192146
1936,6,,,,,,-0.29091400558422204
1936,5,,,,,,-1.4098705374505405
1936,4,,,,,,-1.413323774545711
1936,3,,,,,,-0.979320338356653
1936,2,,,,,,0.14157078703780057
1936,1,,,,,,0.8982703401282063
1935,12,,,,,,1.1352326370202122
1935,11,,,,,,1.3642205416460413
1935,10,,,,,,0.6176654126005091
1935,9,,,,,,0.2653810766157165
1935,8,,,,,,-0.021414683096884553
1935,7,,,,,,-0.6800346793342784
1935,6,,,,,,-1.010092311507774
1935,5,,,,,,-1.0262247320940625
1935,4,,,,,,-0.43388897993579983
1935,3,,,,,,-0.3756632766626911
1935,2,,,,,,-0.8311520653008748
1935,1,,,,,,-0.7063869831727382
1934,12,,,,,,-1.5603650991040072
1934,11,,,,,,-1.7558533688450675
1934,10,,,,,,-1.4841244368550404
1934,9,,,,,,-1.4180518979596235
1934,8,,,,,,-1.6078307628680615
1934,7,,,,,,-1.7161502478747739
1934,6,,,,,,-1.66579287191698
1934,5,,,,,,-1.7269476642520138
1934,4,,,,,,-1.7781041189811793
1934,3,,,,,,-1.5275472519102153
1934,2,,,,,,-1.2558164567983687
1934,1,,,,,,-1.0738879054021648
1933,12,,,,,,-1.2584081350993521
1933,11,,,,,,-1.2060299958954044
1933,10,,,,,,-1.0840167412071335
1933,9,,,,,,-1.1142472899329166
1933,8,,,,,,-1.1412076728578893
1933,7,,,,,,-1.3233787006520812
1933,6,,,,,,-1.182607161930061
1933,5,,,,,,-0.7978612681157928
1933,4,,,,,,-0.1999896089912713
1933,3,,,,,,0.3520096208374969
1933,2,,,,,,0.5701018058583442
1933,1,,,,,,0.647570515690404
1932,12,,,,,,0.5271706182017273
1932,11,,,,,,0.6959046614032436
1932,10,,,,,,0.776622119528215
1932,9,,,,,,0.5805140794354271
1932,8,,,,,,0.9395580482275687
1932,7,,,,,,1.019480840034848
1932,6,,,,,,1.1225498517202157
1932,5,,,,,,1.0263585561270872
1932,4,,,,,,0.5969259536045415
1932,3,,,,,,0.27320628182707457
1932,2,,,,,,0.0954175913175376
1932,1,,,,,,-0.024429341758678124
1931,12,,,,,,-0.13254414877969428
1931,11,,,,,,-0.1378080316158129
1931,10,,,,,,0.18086337593684043
1931,9,,,,,,0.38873041286581694
1931,8,,,,,,1.061897882847761
1931,7,,,,,,1.450061613729161
1931,6,,,,,,1.382299271791042
1931,5,,,,,,1.281386934737474
1931,4,,,,,,1.1834740481262782
1931,3,,,,,,0.8905812764831087
1931,2,,,,,,0.8415408729556771
1931,1,,,,,,0.49962266715223913
1930,12,,,,,,0.13015624568306403
1930,11,,,,,,-0.026497631198327216
1930,10,,,,,,-0.6451305389195665
1930,9,,,,,,-0.7627061923575345
1930,8,,,,,,-0.9209435664067769
1930,7,,,,,,-1.0546154294116725
1930,6,,,,,,-0.5574912224113538
1930,5,,,,,,-0.2917761656822496
1930,4,,,,,,0.1743411603751674
1930,3,,,,,,0.4811709503834284
1930,2,,,,,,0.24275227895856152
1930,1,,,,,,-0.11664730506314241
1929,12,,,,,,0.1611166336066121
1929,11,,,,,,0.894025408237494
1929,10,,,,,,0.6851272486390725
1929,9,,,,,,-0.21091412971538237
1929,8,,,,,,-0.7952927432717474
1929,7,,,,,,-0.5310198138585842
1929,6,,,,,,-0.16097822402147163
1929,5,,,,,,0.4350634055311309
1929,4,,,,,,1.3754289852523562
1929,3,,,,,,1.2395948829032675
1929,2,,,,,,0.5550248279340878
1929,1,,,,,,-0.08233617563432066
1928,12,,,,,,-0.12725383006654434
1928,11,,,,,,0.4829539669247341
1928,10,,,,,,0.6335832275530336
1928,9,,,,,,0.4839198598978134
1928,8,,,,,,0.5371419333378655
1928,7,,,,,,0.6353211385492971
1928,6,,,,,,0.5139354388880355
1928,5,,,,,,0.10736845414695927
1928,4,,,,,,-0.8492751045235115
1928,3,,,,,,-1.299121653829779
1928,2,,,,,,-1.6465080035412807
1928,1,,,,,,-1.7328260709995982
1927,12,,,,,,-0.9834197730801413
1927,11,,,,,,-0.8437993325680757
1927,10,,,,,,-0.6321435818756491
1927,9,,,,,,-0.5783459107717355
1927,8,,,,,,-1.3713332846697412
1927,7,,,,,,-1.4238770982984794
1927,6,,,,,,-1.4184043289792148
1927,5,,,,,,-1.1404532680958417
1927,4,,,,,,-0.6427220704308755
1927,3,,,,,,-0.2861686883748168
1927,2,,,,,,-0.1002088704727208
1927,1,,,,,,-0.282542885738203
1926,12,,,,,,-0.6719161884885748
1926,11,,,,,,-1.0961658217771104
1926,10,,,,,,-1.0133635265569763
1926,9,,,,,,-0.430986563714621
1926,8,,,,,,-0.025821394429582267
1926,7,,,,,,0.3382815395944248
1926,6,,,,,,0.650845588872701
1926,5,,,,,,0.6064864449840457
1926,4,,,,,,0.4805140172837953
1926,3,,,,,,0.47544627264509703
1926,2,,,,,,-0.005215889880799362
1926,1,,,,,,-0.2617167437302964
1925,12,,,,,,-0.4928509235000689
1925,11,,,,,,-1.1881114971715148
1925,10,,,,,,-1.5530451888303323
1925,9,,,,,,-1.4176394876827452
1925,8,,,,,,-1.501438459259984
1925,7,,,,,,-1.5515580731980738
1925,6,,,,,,-1.0880440090010506
1925,5,,,,,,-1.134903649453751
1925,4,,,,,,-2.1316132412008177
1925,3,,,,,,-2.257748054797359
1925,2,,,,,,-1.2637406544195002
1925,1,,,,,,-1.1719590522897034
1924,12,,,,,,-1.7462717080647452
1924,11,,,,,,-1.8262527236125239
1924,10,,,,,,-1.6174068285033467
1924,9,,,,,,-1.2426228764324725
1924,8,,,,,,-1.158429577147297
1924,7,,,,,,-0.8505100801763248
1924,6,,,,,,-0.797893182621737
1924,5,,,,,,-0.681573355557672
1924,4,,,,,,-0.22865522376155617
1924,3,,,,,,-0.24636985223225763
1924,2,,,,,,-0.2534647471389622
1924,1,,,,,,0.5331476762381372
1923,12,,,,,,1.0937998227349506
1923,11,,,,,,0.7551509150498106
1923,10,,,,,,0.35651945992603234
1923,9,,,,,,0.10893581564612474
1923,8,,,,,,0.6417358223209769
1923,7,,,,,,0.7561172421242782
1923,6,,,,,,0.2515721574471745
1923,5,,,,,,0.09495870450874172
1923,4,,,,,,-0.22306263258576275
1923,3,,,,,,-0.4490207050889163
1923,2,,,,,,-0.498599299559934
1923,1,,,,,,-0.564240040005427
1922,12,,,,,,-0.7009047303463123
1922,11,,,,,,-0.5312428657714748
1922,10,,,,,,0.42765463787671687
1922,9,,,,,,1.3886191291575072
1922,8,,,,,,1.4888843909249114
1922,7,,,,,,1.2771914750350755
1922,6,,,,,,1.170185643043277
1922,5,,,,,,0.97594394822183
1922,4,,,,,,0.5014790642043332
1922,3,,,,,,0.03131810428065828
1922,2,,,,,,-0.5949689900155068
1922,1,,,,,,-1.2047588012602115
1921,12,,,,,,-0.9721297520082143
1921,11,,,,,,0.17492002135187837
1921,10,,,,,,0.6011223479608151
1921,9,,,,,,-0.029518046994646868
1921,8,,,,,,-0.34117518542193376
1921,7,,,,,,-0.4856003868090892
1921,6,,,,,,-0.1941522776710701
1921,5,,,,,,0.6452535400284333
1921,4,,,,,,1.2966021296284174
1921,3,,,,,,1.3598131154082183
1921,2,,,,,,0.9715129769764804
1921,1,,,,,,0.7669277720644053
1920,12,,,,,,0.5760940428467438
1920,11,,,,,,0.22757246356653574
1920,10,,,,,,0.10677128800725033
1920,9,,,,,,0.061766390228157275
1920,8,,,,,,0.20792486669345947
1920,7,,,,,,-0.13593412092310383
1920,6,,,,,,-0.3444981636699324
1920,5,,,,,,0.21556595880516485
1920,4,,,,,,0.7634847908015681
1920,3,,,,,,0.8115725064533683
1920,2,,,,,,0.9877394408063094
1920,1,,,,,,1.131034526588235
1919,12,,,,,,0.8961102311858333
1919,11,,,,,,-0.025823542669042725
1919,10,,,,,,-0.6879471164555305
1919,9,,,,,,-0.2853026334073246
1919,8,,,,,,0.5001493782044624
1919,7,,,,,,0.8054626576715882
1919,6,,,,,,0.2199248919810075
1919,5,,,,,,-0.2987165321286234
1919,4,,,,,,-0.23955360656566638
1919,3,,,,,,-0.10584133961739137
1919,2,,,,,,-0.5856394416191144
1919,1,,,,,,-0.5121867791447824
1918,12,,,,,,-0.2893660282697283
1918,11,,,,,,-0.6203083447225728
1918,10,,,,,,-0.960100068831221
1918,9,,,,,,-0.9926249217172447
1918,8,,,,,,-0.6699873110249567
1918,7,,,,,,-0.31086511574947295
1918,6,,,,,,-0.7004596679078752
1918,5,,,,,,-1.415914941369155
1918,4,,,,,,-1.374964335070718
1918,3,,,,,,-0.9658166726868098
1918,2,,,,,,-1.4396406388837353
1918,1,,,,,,-1.8468981798373305
1917,12,,,,,,-1.769501016596122
1917,11,,,,,,-1.3349647473149104
1917,10,,,,,,-1.1026179194004277
1917,9,,,,,,-1.3861803162496142
1917,8,,,,,,-1.363198733750194
1917,7,,,,,,-1.5417949111859137
1917,6,,,,,,-1.5803415908666885
1917,5,,,,,,-1.3005497364888754
1917,4,,,,,,-1.1812169007729107
1917,3,,,,,,-1.0851857903119124
1917,2,,,,,,-1.1272611609867595
1917,1,,,,,,-1.2239401376275403
1916,12,,,,,,-1.7350177573476808
1916,11,,,,,,-1.755436659572419
1916,10,,,,,,-1.0032162451756204
1916,9,,,,,,-0.8631796460620359
1916,8,,,,,,-1.144530571403356
1916,7,,,,,,-1.191495421348668
1916,6,,,,,,-1.231562098243607
1916,5,,,,,,-1.4395843991920476
1916,4,,,,,,-1.5642950563373852
1916,3,,,,,,-1.1893530125074756
1916,2,,,,,,-1.0949418944789129
1916,1,,,,,,-1.2249318586755356
1915,12,,,,,,-0.9316828607558588
1915,11,,,,,,-0.19361030568549106
1915,10,,,,,,-0.32095160215731056
1915,9,,,,,,-1.1920510662302581
1915,8,,,,,,-1.250672764368226
1915,7,,,,,,-0.4220131889397963
1915,6,,,,,,0.27702677004134385
1915,5,,,,,,0.05224669982720534
1915,4,,,,,,-0.7225383844936089
1915,3,,,,,,-1.4706698093697566
1915,2,,,,,,-0.036278741561624986
1915,1,,,,,,0.8865448569341494
1914,12,,,,,,0.35653379279939923
1914,11,,,,,,-0.05527508332123587
1914,10,,,,,,-0.5075886337774179
1914,9,,,,,,-0.22518094773114475
1914,8,,,,,,0.18236594096381245
1914,7,,,,,,-0.01292749010008602
1914,6,,,,,,0.17959325532748258
1914,5,,,,,,0.6687224092257081
1914,4,,,,,,-0.11525468268931412
1914,3,,,,,,-1.0071220029710355
1914,2,,,,,,-1.5510204766876587
1914,1,,,,,,-1.7671855770649076
1913,12,,,,,,-1.4957149997389905
1913,11,,,,,,-1.0498743240478827
1913,10,,,,,,-0.7447536557419127
1913,9,,,,,,-0.5227865137835231
1913,8,,,,,,-0.6577199794771765
1913,7,,,,,,-0.43057898202593653
1913,6,,,,,,0.16711023513974646
1913,5,,,,,,0.4511773584557555
1913,4,,,,,,0.13702853924846306
1913,3,,,,,,-0.03872017790552424
1913,2,,,,,,0.06670717590858152
1913,1,,,,,,0.03515858023490827
1912,12,,,,,,0.06425570734948474
1912,11,,,,,,-0.26035732623973323
1912,10,,,,,,-0.6715733902727782
1912,9,,,,,,-0.5671463941902566
1912,8,,,,,,-0.6092580648481304
1912,7,,,,,,-0.42865628384665533
1912,6,,,,,,0.16852709457397066
1912,5,,,,,,0.6261575028696256
1912,4,,,,,,0.9145707924122327
1912,3,,,,,,0.9443905081431615
1912,2,,,,,,1.3375306750951224
1912,1,,,,,,1.6301846618671665
1911,12,,,,,,0.9593415632595964
1911,11,,,,,,0.5949874804918165
1911,10,,,,,,0.5894770725372828
1911,9,,,,,,-0.17303682334833173
1911,8,,,,,,-0.6855537210569457
1911,7,,,,,,-1.0860348505569382
1911,6,,,,,,-0.8807794595238636
1911,5,,,,,,-1.0753154550702426
1911,4,,,,,,-1.9025464426312693
1911,3,,,,,,-2.1473189417916267
1911,2,,,,,,-1.9684977182534513
1911,1,,,,,,-1.7860040886585793
1910,12,,,,,,-1.6133404269452316
1910,11,,,,,,-1.5233050823969965
1910,10,,,,,,-1.2538892655900076
1910,9,,,,,,-1.2055961662614831
1910,8,,,,,,-1.2541743133731267
1910,7,,,,,,-1.0024147495023166
1910,6,,,,,,-0.5949402829745608
1910,5,,,,,,-0.34918463033404507
1910,4,,,,,,-0.5152109916227853
1910,3,,,,,,-0.849761842173373
1910,2,,,,,,-1.1707544997859878
1910,1,,,,,,-1.0877236234376146
1909,12,,,,,,-0.8917409544715765
1909,11,,,,,,-1.1880011917758135
1909,10,,,,,,-1.4020864674843372
1909,9,,,,,,-1.4370098828748779
1909,8,,,,,,-1.3634845744852877
1909,7,,,,,,-1.2216714209169128
1909,6,,,,,,-1.1670217081535925
1909,5,,,,,,-1.1487576371964157
1909,4,,,,,,-0.9572551341484457
1909,3,,,,,,-0.6672158384073115
1909,2,,,,,,-0.205199705220089
1909,1,,,,,,0.4579461948181815
1908,12,,,,,,0.680181063527969
1908,11,,,,,,0.33687285455124655
1908,10,,,,,,-0.35829724493054116
1908,9,,,,,,-0.8442474367890865
1908,8,,,,,,-0.41572006712829834
1908,7,,,,,,0.034840622150447684
1908,6,,,,,,-0.17807825167590394
1908,5,,,,,,-0.17177067726267972
1908,4,,,,,,0.5038595004483897
1908,3,,,,,,0.8491800783898678
1908,2,,,,,,0.708588125249494
1908,1,,,,,,0.4482224908841771
1907,12,,,,,,0.4554747761869241
1907,11,,,,,,0.5869842112259476
1907,10,,,,,,0.4113720939400102
1907,9,,,,,,-0.13318768034495587
1907,8,,,,,,-0.6295765771010557
1907,7,,,,,,-0.8709689703834105
1907,6,,,,,,-1.3811140543870852
1907,5,,,,,,-1.4142032517638838
1907,4,,,,,,-0.4662829888232803
1907,3,,,,,,-0.015657122136746644
1907,2,,,,,,-0.33551932823560016
1907,1,,,,,,-0.806026469170391
1906,12,,,,,,-1.3987218155140342
1906,11,,,,,,-1.4144581691501683
1906,10,,,,,,-1.1647521070629006
1906,9,,,,,,-0.8076460247161281
1906,8,,,,,,-0.7643743037590901
1906,7,,,,,,-0.32715624104099017
1906,6,,,,,,0.0746967999730076
1906,5,,,,,,0.6171310147168275
1906,4,,,,,,1.0074651658398979
1906,3,,,,,,0.8049165414274622
1906,2,,,,,,0.7988762332976763
1906,1,,,,,,0.7427878304570992
1905,12,,,,,,0.642295167470843
1905,11,,,,,,0.9080341934915329
1905,10,,,,,,1.7042581866551203
1905,9,,,,,,2.2637795123357853
1905,8,,,,,,2.2894170996472814
1905,7,,,,,,2.535039044981458
1905,6,,,,,,2.506992519233988
1905,5,,,,,,1.6164368023942959
1905,4,,,,,,1.6449775399482252
1905,3,,,,,,1.337449409828045
1905,2,,,,,,1.2245421290931264
1905,1,,,,,,1.305047237612539
