"year","month","calamar_monthly","bolivar_monthly","manaos_monthly","obidos_monthly","tabatinga_monthly","timbues_monthly"
2019,12,,22317.74193548387,,133473.33333333334,,
2019,11,,34645.333333333336,,111573.33333333333,,
2019,10,,48297.41935483871,,119045.16129032258,,
2019,9,,69857.33333333333,,189366.66666666666,,
2019,8,,72203.2258064516,,236867.74193548388,,15578.267
2019,7,,57238.06451612903,154000.0,252503.2258064516,38429.333333333336,19488.74
2019,6,,36448.666666666664,158946.66666666666,249563.33333333334,44255.666666666664,21613.11867
2019,5,,17343.032258064515,156370.96774193548,241487.09677419355,50927.74193548387,20081.79129
2019,4,,5636.5,148553.33333333334,231680.0,54085.0,18289.26533
2019,3,,4846.0,139009.67741935485,222222.5806451613,52006.77419354839,18517.74839
2019,2,,6413.785714285715,129396.42857142857,199453.57142857142,48767.857142857145,22090.89143
2019,1,,8956.129032258064,116058.06451612903,173358.06451612903,42224.83870967742,21869.40065
2018,12,,20052.90322580645,93604.83870967742,133812.90322580645,40641.6129032258,21285.37516
2018,11,,36590.333333333336,63412.333333333336,88858.33333333333,30579.333333333332,19788.11667
2018,10,,63141.93548387097,58728.333333333336,118071.6129032258,20441.85185185185,16136.01452
2018,9,,85328.66666666667,97618.0,180766.66666666666,19776.333333333332,13887.17633
2018,8,,87390.0,120480.64516129032,220551.61290322582,24944.83870967742,14196.47355
2018,7,,73294.83870967742,141258.06451612903,242445.16129032258,25718.064516129034,14743.63419
2018,6,,46594.0,142233.33333333334,243963.33333333334,44336.666666666664,16899.94167
2018,5,,27206.451612903227,134535.48387096773,234767.74193548388,47789.67741935484,20171.71903
2018,4,,6818.833333333333,123043.33333333333,212620.0,43528.0,20586.68867
2018,3,,4685.774193548387,118896.7741935484,195083.87096774194,37472.25806451613,20479.07161
2018,2,,7529.892857142857,113164.28571428571,174264.2857142857,39242.5,20666.60571
2018,1,,11023.548387096775,98095.16129032258,144890.32258064515,36494.51612903226,18422.36387
2017,12,,19367.0,84697.74193548386,116658.06451612903,34490.645161290326,18690.74484
2017,11,,37009.333333333336,72070.0,97572.0,31845.666666666668,18735.13567
2017,10,,46252.16129032258,58526.55172413793,90519.03225806452,23104.516129032258,16361.13161
2017,9,,64948.433333333334,62369.5,135967.0,18607.666666666668,15992.89033
2017,8,,78641.19354838709,109714.4,206770.96774193548,16807.09677419355,17679.46613
2017,7,,64167.967741935485,148741.93548387097,243532.25806451612,28796.774193548386,22470.29548
2017,6,,42144.46666666667,158570.0,248680.0,44136.666666666664,22825.218
2017,5,,26215.612903225807,156100.0,242493.5483870968,51870.32258064516,20644.01645
2017,4,,11225.633333333333,146565.5172413793,233346.66666666666,53080.333333333336,18145.90467
2017,3,,8125.677419354839,110824.75995252992,220883.87096774194,49588.709677419356,18530.47645
2017,2,,9469.285714285714,99894.11740558295,186157.14285714287,48559.166666666664,17770.84536
2017,1,,18667.451612903227,92010.14336917564,144600.0,41261.290322580644,19909.89516
2016,12,10249.107692307693,27638.709677419356,79541.56800189056,117368.82563778198,27966.129032258064,17288.61129
2016,11,8874.0,35863.666666666664,66696.6,94017.33333333333,21557.0,18090.11
2016,10,8594.45112414467,53097.096774193546,63903.177843003534,98832.58064516129,23906.129032258064,16852.977
2016,9,6478.75,71447.66666666667,81913.10344827586,150010.0,17874.0,17430.36367
2016,8,5539.1875,76666.45161290323,116154.16666666667,192922.5806451613,21817.74193548387,17696.81645
2016,7,5405.2,63920.967741935485,137774.1935483871,216054.83870967742,32055.0,20878.836
2016,6,5834.666666666667,43876.666666666664,145730.0,223686.66666666666,43297.5,21172.34917
2016,5,6155.0,26677.09677419355,140277.4193548387,216222.5806451613,47361.290322580644,23282.4771
2016,4,4055.85,6457.933333333333,126796.66666666667,188963.33333333334,51490.333333333336,25110.14533
2016,3,2671.25,3746.935483870968,105337.09677419355,148361.29032258064,46918.3870967742,24106.30484
2016,2,2428.0,4546.931034482759,83325.5172413793,123162.06896551725,34528.275862068964,25493.50931
2016,1,7004.967741935482,10282.677419354839,83802.58064516129,104638.70967741935,37555.16129032258,26014.40323
2015,12,4444.548387096775,19612.8064516129,67281.93548387097,83860.96774193548,31936.129032258064,21682.77452
2015,11,5802.566666666667,27338.333333333332,58466.333333333336,77585.0,24705.666666666668,18171.04077
2015,10,4343.5161290322585,38282.967741935485,64022.25806451613,118407.09677419355,22056.842105263157,16329.26806
2015,9,4394.366666666667,66608.33333333333,127840.0,204526.66666666666,21227.619047619046,18509.078
2015,8,4127.064516129032,66648.64516129032,156870.96774193548,244422.5806451613,31629.677419354837,21317.34129
2015,7,4341.1612903225805,52494.903225806454,169280.64516129033,250238.70967741936,45007.74193548387,18846.32452
2015,6,5904.266666666666,31857.533333333333,171830.0,246153.33333333334,58223.333333333336,17685.36133
2015,5,5097.225806451613,16204.677419354839,164416.12903225806,239641.93548387097,63305.8064516129,17021.15
2015,4,4877.3,7736.333333333333,151246.66666666666,232376.66666666666,59534.333333333336,17315.419
2015,3,3399.032258064516,6282.322580645161,136509.67741935485,210474.1935483871,53472.25806451613,19795.03226
2015,2,3989.6785714285716,8670.57142857143,121250.0,179417.85714285713,51099.28571428572,20100.635
2015,1,4581.967741935484,10861.161290322581,106093.2258064516,151964.51612903227,44699.354838709674,20322.29258
2014,12,8476.516129032258,23390.16129032258,94063.2258064516,133422.5806451613,37987.096774193546,18178.89
2014,11,8321.233333333334,40446.066666666666,82450.66666666667,119546.66666666667,29075.333333333332,18826.655
2014,10,7039.064516129032,51127.77419354839,83288.46153846153,142103.2258064516,26023.548387096773,19069.15
2014,9,5495.0,66889.96666666666,114943.0,201590.0,22134.0,19688.265
2014,8,4197.322580645161,67332.70967741935,142141.93548387097,245570.96774193548,26439.032258064515,22053.115
2014,7,4744.0,50446.51612903226,156625.8064516129,250245.16129032258,36327.74193548387,22147.04
2014,6,6647.6,30706.033333333333,159906.66666666666,245323.33333333334,47926.55172413793,20584.515
2014,5,6475.419354838709,18309.451612903227,150877.4193548387,237864.51612903227,54141.48148148148,19656.94
2014,4,4075.3333333333335,7051.9,139546.66666666666,229720.0,51779.333333333336,18507.885
2014,3,4551.225806451613,4913.741935483871,124448.3870967742,212077.4193548387,45359.032258064515,16929.03
2014,2,3770.964285714286,5849.714285714285,111903.57142857143,181835.7142857143,41326.07142857143,16446.105
2014,1,5796.903225806452,11219.483870967742,99401.29032258065,161422.5806451613,38608.3870967742,16013.205
2013,12,8407.032258064517,23065.516129032258,89733.2258064516,140900.0,34205.48387096774,16791.7
2013,11,8534.8,33592.333333333336,75967.66666666667,121466.66666666667,28912.333333333332,17553.395
2013,10,7850.419354838709,50910.54838709677,72108.06451612903,138722.5806451613,24530.333333333332,16007.685
2013,9,7369.233333333334,62875.666666666664,104525.33333333333,187300.0,26621.428571428572,16638.245
2013,8,5564.290322580645,61246.12903225807,132980.64516129033,229635.48387096773,28940.645161290322,20089.735
2013,7,6649.258064516129,51599.3870967742,150751.61290322582,253983.87096774194,36710.645161290326,20312.805
2013,6,8228.933333333332,42433.566666666666,158376.66666666666,252530.0,42394.0,18345.18
2013,5,6258.935483870968,24271.548387096773,155938.70967741936,242290.32258064515,50609.354838709674,18670.17
2013,4,4228.933333333333,9223.866666666667,146973.33333333334,233423.33333333334,55475.0,18701.395
2013,3,3791.7419354838707,7310.4838709677415,126838.70967741935,213148.38709677418,53061.290322580644,17241.145
2013,2,3205.0714285714284,6244.035714285715,112517.85714285714,167957.14285714287,47793.57142857143,15751.825
2013,1,3668.7741935483873,9764.1,90792.90322580645,133564.51612903227,44650.32258064516,16181.395
2012,12,6854.967741935484,18028.758620689656,62502.25806451613,90486.45161290323,31013.870967741936,15413.08
2012,11,7858.3,33650.0,52742.333333333336,80860.66666666667,23323.333333333332,15498.79
2012,10,6413.741935483871,51817.74193548387,53658.709677419356,93461.93548387097,21459.032258064515,13715.63
2012,9,6501.666666666667,71050.6,72192.66666666667,157133.33333333334,17621.0,15164.385
2012,8,6193.290322580645,74899.51612903226,117265.80645161291,231180.64516129033,20173.548387096773,17469.085
2012,7,6417.967741935484,61058.12903225807,150558.06451612903,258267.74193548388,30581.935483870966,18213.69
2012,6,9000.766666666666,51023.933333333334,161890.0,254476.66666666666,44167.333333333336,17254.74
2012,5,9668.0,40820.290322580644,159576.92307692306,247619.35483870967,58588.06451612903,16383.05
2012,4,6585.166666666667,20394.966666666667,145843.47826086957,240213.33333333334,61887.0,15361.665
2012,3,4540.580645161291,8834.161290322581,133311.53846153847,231016.12903225806,54019.354838709674,14831.325
2012,2,6968.137931034483,11326.172413793103,119206.66666666667,195903.44827586206,50167.58620689655,14859.515
2012,1,11335.612903225807,20550.032258064515,103358.06451612903,150929.03225806452,46728.709677419356,15193.79
2011,12,13394.58064516129,35661.0,71862.58064516129,109689.67741935483,34599.67741935484,17082.525
2011,11,11401.533333333333,39638.46666666667,49630.0,91994.0,24962.0,18923.615
2011,10,9565.09677419355,46831.41935483871,51639.354838709674,90243.54838709677,24865.483870967742,19336.045
2011,9,9129.933333333332,63047.36666666667,63368.0,145425.66666666666,17176.666666666668,19584.28
2011,8,10125.774193548386,72802.29032258065,119877.41935483871,222264.51612903227,23122.25806451613,18749.32
2011,7,11226.354838709678,65801.67741935483,133483.87096774194,253496.7741935484,36444.83870967742,17140.105
2011,6,12827.266666666666,54591.933333333334,130650.0,255083.33333333334,45129.333333333336,18137.55
2011,5,11996.0,31952.41935483871,126750.0,244774.1935483871,54873.54838709677,21027.495
2011,4,8273.766666666666,11133.5,112156.66666666667,227810.0,49982.0,21674.645
2011,3,6595.290322580645,8382.741935483871,95257.74193548386,194858.06451612903,39633.54838709677,20289.31
2011,2,6720.857142857143,7580.321428571428,82783.92857142857,156660.7142857143,32142.85714285714,18334.035
2011,1,11430.129032258064,15674.483870967742,66424.83870967742,122641.93548387097,28331.612903225807,17608.285
2010,12,13942.032258064517,30469.129032258064,59854.61538461538,92691.6129032258,24986.129032258064,16066.495
2010,11,13717.433333333332,33560.666666666664,39724.666666666664,61866.666666666664,19623.666666666668,14764.74
2010,10,13684.548387096775,48040.3870967742,31274.21052631579,66219.03225806452,13739.354838709678,14951.71
2010,9,12839.266666666666,69348.96666666666,42444.0,123526.66666666667,14232.0,14941.385
2010,8,12741.258064516129,74365.2258064516,92383.54838709677,195806.4516129032,19458.709677419356,16357.13
2010,7,10972.258064516129,64497.0,127345.16129032258,239074.1935483871,26987.09677419355,17844.89
2010,6,9275.166666666666,47891.96666666667,136438.88888888888,252823.33333333334,38570.333333333336,20110.295
2010,5,7182.064516129032,29773.83870967742,131377.4193548387,249835.48387096773,46167.096774193546,21545.83
2010,4,4544.6,9819.766666666666,121330.0,218220.0,45776.666666666664,21998.845
2010,3,3222.0,3911.8064516129034,108900.0,182951.61290322582,41450.645161290326,23579.58
2010,2,2578.9285714285716,3387.25,97241.78571428571,166310.7142857143,39429.642857142855,24389.76
2010,1,3447.064516129032,5906.064516129032,94447.09677419355,142509.67741935485,39464.83870967742,23678.565
2009,12,6163.225806451613,11803.193548387097,71914.19354838709,94385.48387096774,39298.3870967742,22705.1
2009,11,7123.2,22201.8,57512.0,89643.33333333333,23904.666666666668,20471.805
2009,10,5289.290322580645,35496.290322580644,65208.709677419356,122230.32258064517,24564.1935483871,18344.205
2009,9,6082.5,53429.933333333334,107017.33333333333,202416.66666666666,22245.0,17359.66
2009,8,6034.5161290322585,57614.096774193546,143970.96774193548,254632.25806451612,28308.709677419356,16887.905
2009,7,7401.419354838709,44229.903225806454,156219.35483870967,256529.03225806452,40699.032258064515,15175.54
2009,6,7787.466666666666,23190.666666666668,159700.0,248720.0,50952.333333333336,12746.845
2009,5,7849.806451612903,16689.129032258064,154703.2258064516,241193.5483870968,56591.6129032258,12730.195
2009,4,6947.7,10438.4,142633.33333333334,242636.66666666666,54110.333333333336,13667.38
2009,3,5642.580645161291,8272.0,129264.51612903226,238806.4516129032,52978.709677419356,14487.405
2009,2,6777.5,11269.142857142857,113096.42857142857,211650.0,47746.07142857143,14522.78
2009,1,10257.483870967742,16593.967741935485,92704.51612903226,177967.74193548388,35421.93548387097,13275.235
2008,12,14438.193548387097,32525.064516129034,84815.16129032258,134429.03225806452,32846.12903225807,15385.285
2008,11,13323.466666666667,36889.36666666667,66559.0,107603.33333333333,29680.0,17539.745
2008,10,12038.258064516129,48596.1935483871,60274.83870967742,111912.90322580645,23163.870967741936,15230.62
2008,9,12124.566666666668,62895.26666666667,88071.33333333333,158906.66666666666,20958.666666666668,15726.04
2008,8,11936.225806451614,68530.93548387097,110322.58064516129,221422.5806451613,22463.548387096773,16142.09
2008,7,11524.548387096775,53969.74193548387,125420.0,253580.64516129033,32299.032258064515,15235.565
2008,6,9974.333333333334,33715.63333333333,137975.0,254753.33333333334,37687.666666666664,16202.955
2008,5,7710.806451612903,15086.90322580645,137809.67741935485,246064.51612903227,47211.290322580644,17334.04
2008,4,5673.366666666667,5959.4,131866.66666666666,238456.66666666666,48545.666666666664,17084.465
2008,3,5420.225806451613,6856.4838709677415,120716.12903225806,224993.5483870968,47295.16129032258,16110.36
2008,2,5442.068965517241,7468.931034482759,114575.86206896552,196272.41379310345,42730.0,16004.335
2008,1,8935.612903225807,14755.90322580645,97255.16129032258,164893.5483870968,42196.12903225807,15847.19
2007,12,12510.838709677419,22548.290322580644,85784.51612903226,121932.25806451614,36308.06451612903,16451.98
2007,11,13131.1,40867.9,66073.66666666667,101910.0,32708.0,16190.235
2007,10,10444.387096774193,56594.967741935485,52452.903225806454,103873.87096774194,20434.1935483871,14988.965
2007,9,10419.2,67845.03333333334,65773.33333333333,144313.33333333334,18027.0,14427.555
2007,8,9304.322580645161,70139.67741935483,107279.35483870968,194851.61290322582,19672.90322580645,14969.5
2007,7,11099.58064516129,59356.58064516129,130225.80645161291,227661.29032258064,28214.516129032258,17349.725
2007,6,11263.266666666666,39385.9,138110.0,246343.33333333334,39129.0,19771.675
2007,5,8441.870967741936,21515.064516129034,134719.35483870967,237348.38709677418,47559.032258064515,20610.28
2007,4,5658.066666666667,9844.966666666667,120590.0,208453.33333333334,45766.333333333336,22494.92
2007,3,2916.0967741935483,4175.096774193548,111667.74193548386,185825.8064516129,38953.22580645161,23081.27
2007,2,3753.6785714285716,6315.285714285715,112700.0,168260.7142857143,45201.78571428572,20721.725
2007,1,7909.322580645161,13054.064516129032,102603.87096774194,146409.67741935485,45825.8064516129,18569.07
2006,12,10575.41935483871,27889.548387096773,79515.48387096774,121216.12903225806,37700.0,17267.97
2006,11,9114.366666666667,36585.7,56211.0,97094.0,28204.333333333332,16393.495
2006,10,7218.258064516129,46943.87096774193,50766.12903225807,97822.58064516129,21541.935483870966,15278.87
2006,9,7057.666666666667,68691.26666666666,60374.666666666664,136883.33333333334,18195.0,14040.315
2006,8,6983.806451612903,75759.54838709677,87975.16129032258,188232.25806451612,19222.25806451613,13794.22
2006,7,10159.290322580646,62423.12903225807,123012.90322580645,236303.2258064516,26959.032258064515,14160.725
2006,6,11047.1,40523.1,138653.33333333334,268466.6666666667,32555.0,14478.15
2006,5,8757.258064516129,24147.1935483871,139183.87096774194,271396.77419354836,49255.48387096774,15884.98
2006,4,6291.8,10929.9,130683.33333333333,245660.0,50441.666666666664,17365.115
2006,3,4329.064516129032,7794.645161290323,119367.74193548386,222119.35483870967,44661.6129032258,15865.77
2006,2,5531.642857142857,14114.035714285714,102638.21428571429,181275.0,43278.57142857143,15262.505
2006,1,9204.451612903225,13326.806451612903,83986.45161290323,147719.35483870967,35199.032258064515,15973.385
2005,12,12699.90322580645,26590.967741935485,71317.41935483871,115035.48387096774,27170.967741935485,16915.625
2005,11,10060.466666666667,31425.4,60054.0,87897.33333333333,30025.0,18095.21
2005,10,7510.4838709677415,39927.3870967742,40265.8064516129,79482.90322580645,17999.032258064515,16554.255
2005,9,6317.933333333333,57892.13333333333,56250.666666666664,108712.33333333333,14099.333333333334,14284.83
2005,8,6663.870967741936,61554.74193548387,86919.67741935483,159506.4516129032,18200.322580645163,14343.735
2005,7,8272.741935483871,53521.3870967742,123793.54838709677,203816.12903225806,27881.612903225807,16576.775
2005,6,8433.633333333333,42722.433333333334,137050.0,233316.66666666666,35498.333333333336,17205.84
2005,5,6629.548387096775,29687.16129032258,136009.67741935485,244490.32258064515,46260.645161290326,16778.855
2005,4,4448.266666666666,10375.733333333334,127076.66666666667,229593.33333333334,45633.333333333336,16707.885
2005,3,3838.4193548387098,6514.741935483871,117061.29032258065,191538.70967741936,43419.032258064515,18351.85323
2005,2,4568.428571428572,8595.07142857143,98260.71428571429,151146.42857142858,36512.5,19848.19036
2005,1,7078.709677419355,13153.967741935483,96995.80645161291,135706.4516129032,38785.16129032258,18159.44677
2004,12,11106.09677419355,24742.290322580644,90687.74193548386,117806.45161290323,40027.74193548387,19458.66
2004,11,10160.633333333333,37212.3,75732.33333333333,109336.66666666667,36541.333333333336,17298.865
2004,10,8047.129032258064,56806.967741935485,75131.6129032258,120864.51612903226,26310.0,14279.99
2004,9,6271.266666666666,70077.03333333334,86309.33333333333,147286.66666666666,25645.666666666668,14472.245
2004,8,5941.4838709677415,72692.96774193548,111635.48387096774,174596.7741935484,27168.709677419356,16128.93
2004,7,6195.451612903225,63528.645161290326,124787.09677419355,196306.4516129032,38667.41935483871,16721.01
2004,6,7557.633333333333,48209.433333333334,125523.33333333333,214690.0,39336.0,16221.34
2004,5,6011.354838709677,23595.451612903227,126425.80645161291,222158.06451612903,41117.41935483871,15303.23
2004,4,3608.6666666666665,6192.333333333333,118843.33333333333,205763.33333333334,41520.0,14399.6
2004,3,2915.516129032258,4777.225806451613,93893.2258064516,176609.67741935485,36505.8064516129,14057.46
2004,2,3723.655172413793,5801.551724137931,95201.78571428571,156717.24137931035,28827.58620689655,16014.755
2004,1,8355.225806451614,13641.806451612903,92010.14336917564,129693.54838709677,43343.54838709677,18243.59
2003,12,11146.161290322581,29304.612903225807,79541.56800189056,110383.87096774194,34946.77419354839,16657.87
2003,11,10015.733333333334,46348.76666666667,66696.6,108243.33333333333,29330.0,14903.425
2003,10,7897.387096774193,56494.67741935484,65787.33333333333,122235.48387096774,25390.967741935485,14415.005
2003,9,6139.833333333333,70463.73333333334,97210.66666666667,163736.66666666666,22005.666666666668,13954.27
2003,8,6910.1612903225805,70919.12903225806,133206.4516129032,197770.96774193548,26947.74193548387,14194.75
2003,7,7712.354838709677,56332.6129032258,146132.25806451612,220496.7741935484,41991.6129032258,15188.675
2003,6,7151.833333333333,40683.6,144313.33333333334,230366.66666666666,50425.0,17493.175
2003,5,5958.967741935484,21809.967741935485,136564.51612903227,226096.7741935484,50225.48387096774,20840.415
2003,4,3814.5,5180.3,125096.66666666667,202016.66666666666,46854.333333333336,22379.9
2003,3,2684.032258064516,3505.451612903226,109432.25806451614,169916.12903225806,44788.06451612903,21029.895
2003,2,2565.52,4361.428571428572,100979.64285714286,153846.42857142858,40121.07142857143,19109.75
2003,1,3527.0,9154.354838709678,102367.41935483871,139635.48387096773,41943.22580645161,20597.72
2002,12,6225.290322580645,,92707.74193548386,121103.2258064516,40736.45161290323,20398.475
2002,11,7591.866666666667,,72207.33333333333,101376.33333333333,35847.333333333336,18112.86
2002,10,5093.806451612903,,66940.32258064517,121409.35483870968,21869.677419354837,17134.25
2002,9,4584.566666666667,,105869.66666666667,168696.66666666666,23754.333333333332,15955.725
2002,8,4440.290322580645,,127664.51612903226,208251.61290322582,34129.67741935484,16012.43
2002,7,6750.612903225807,,141877.4193548387,234312.90322580645,35226.45161290323,18051.86
2002,6,7583.3,,146793.33333333334,241603.33333333334,48028.333333333336,19808.65
2002,5,5954.903225806452,,141493.5483870968,232280.64516129033,53497.41935483871,20707.73
2002,4,4518.066666666667,,132803.33333333334,214100.0,52485.0,20321.635
2002,3,2893.4193548387098,,117674.19354838709,186319.35483870967,47406.12903225807,18941.325
2002,2,3326.1428571428573,,100704.28571428571,159367.85714285713,40320.0,15783.055
2002,1,6717.387096774193,,97637.74193548386,145603.2258064516,35467.096774193546,13450.73
2001,12,8537.354838709678,,71639.67741935483,107724.51612903226,35176.12903225807,14119.655
2001,11,7734.033333333334,,58602.666666666664,93668.33333333333,27343.333333333332,15366.635
2001,10,6228.8387096774195,,57290.967741935485,108248.3870967742,22220.645161290322,14348.745
2001,9,4589.1,,79025.66666666667,147730.0,23706.0,11892.895
2001,8,4293.064516129032,,117654.83870967742,189993.5483870968,25268.064516129034,12290.28
2001,7,4889.645161290323,,136970.96774193548,226312.90322580645,34462.58064516129,13267.685
2001,6,5872.4,,140496.66666666666,242206.66666666666,45467.0,14868.88
2001,5,4555.774193548387,,137961.29032258064,246319.35483870967,51938.06451612903,17002.525
2001,4,3761.266666666667,,132010.0,236406.66666666666,49686.333333333336,19346.1
2001,3,3288.1290322580644,,118390.32258064517,201964.51612903227,45519.032258064515,20122.45
2001,2,2960.3214285714284,,105241.42857142857,168842.85714285713,44527.5,18663.08
2001,1,5239.225806451613,,82998.3870967742,134419.35483870967,35330.967741935485,16662.645
2000,12,9162.451612903225,,60075.8064516129,112951.6129032258,27332.25806451613,17044.185
2000,11,10570.133333333333,,68252.33333333333,118183.33333333333,21565.666666666668,18503.72
2000,10,10234.290322580646,,82119.35483870968,136283.87096774194,25772.90322580645,17857.16
2000,9,8571.966666666667,,105856.0,175516.66666666666,21938.0,15542.755
2000,8,8562.0,,130454.83870967742,214525.8064516129,32750.0,14213.465
2000,7,9572.870967741936,,138958.06451612903,238387.09677419355,44436.77419354839,15476.565
2000,6,8971.2,,136550.0,250186.66666666666,50881.0,16140.12
2000,5,6922.5161290322585,,126977.41935483871,249132.25806451612,55451.290322580644,16329.1
2000,4,5629.8,,111896.66666666667,220910.0,47759.333333333336,15074.995
2000,3,5976.4838709677415,,95535.16129032258,183632.25806451612,41706.45161290323,13391.49
2000,2,6093.379310344828,,85665.1724137931,154144.8275862069,33567.58620689655,11947.92
2000,1,10811.838709677419,,84341.6129032258,129458.06451612903,31406.451612903227,11894.18
1999,12,13022.774193548386,,59618.06451612903,98561.93548387097,30869.354838709678,11694.82
1999,11,13378.233333333334,,54864.333333333336,96835.33333333333,23366.0,11603.825
1999,10,11434.225806451614,,63565.8064516129,123058.06451612903,21399.354838709678,12887.29
1999,9,9594.4,,94504.33333333333,177300.0,16872.0,13757.525
1999,8,9732.58064516129,,140496.7741935484,220822.5806451613,24930.322580645163,17094.06
1999,7,10985.774193548386,,154229.03225806452,249335.48387096773,39381.290322580644,18602.47
1999,6,10327.9,,150936.66666666666,265426.6666666667,57584.333333333336,17038.725
1999,5,9333.90322580645,,143135.48387096773,256367.74193548388,61051.290322580644,18483.69
1999,4,8431.066666666668,,137756.66666666666,235243.33333333334,54117.333333333336,19503.665
1999,3,8076.580645161291,,123880.64516129032,208587.09677419355,51634.83870967742,19616.615
1999,2,7315.0,,99569.28571428571,166532.14285714287,48819.642857142855,18462.485
1999,1,9848.806451612903,,73310.96774193548,132996.7741935484,32640.967741935485,16119.275
1998,12,11019.741935483871,,73989.67741935483,115967.74193548386,29366.129032258064,18004.75
1998,11,9980.533333333333,,59163.666666666664,88092.0,33767.333333333336,22413.0
1998,10,9307.129032258064,,43697.74193548387,86708.06451612903,16261.935483870968,22892.45
1998,9,8481.0,,64933.666666666664,130663.33333333333,16357.0,20597.8
1998,8,8307.193548387097,,105486.7741935484,177325.8064516129,18971.935483870966,19617.15
1998,7,8634.193548387097,,131400.0,204322.5806451613,28994.1935483871,22311.85
1998,6,8007.933333333333,,138203.33333333334,210043.33333333334,40342.666666666664,26520.05
1998,5,6513.806451612903,,129464.51612903226,199958.06451612903,54342.903225806454,29294.4
1998,4,4127.466666666666,,117153.33333333333,175450.0,52771.666666666664,27713.2
1998,3,2533.483870967742,,103599.03225806452,153206.4516129032,47109.354838709674,25473.05
1998,2,2745.5714285714284,,96013.92857142857,133975.0,42890.71428571428,25113.5
1998,1,2625.8709677419356,,87240.32258064517,118706.45161290323,42961.290322580644,25356.6
1997,12,4819.0,,68240.64516129032,94702.25806451614,37005.16129032258,24481.3
1997,11,5661.6,,47080.333333333336,76394.0,25634.333333333332,22103.5
1997,10,5039.354838709677,,45127.74193548387,80554.51612903226,19289.677419354837,18111.5
1997,9,3660.5666666666666,,68320.0,127158.66666666667,18483.666666666668,17700.25
1997,8,3728.483870967742,,111628.06451612903,182222.5806451613,20941.612903225807,19441.15
1997,7,5066.322580645161,,142635.48387096773,225016.12903225806,27227.74193548387,18593.55
1997,6,5438.3,,145686.66666666666,253780.0,50181.333333333336,15741.4
1997,5,4582.419354838709,,145254.83870967742,262361.29032258067,53050.645161290326,14646.0
1997,4,3703.733333333333,,134670.0,239260.0,52053.666666666664,19497.0
1997,3,3689.3870967741937,,108497.09677419355,192558.06451612903,50549.67741935484,24675.85
1997,2,4933.607142857143,,84693.92857142857,161414.2857142857,33870.0,23134.9
1997,1,5691.870967741936,,88074.51612903226,140680.64516129033,29449.354838709678,19858.8
1996,12,9402.225806451614,,76990.64516129032,124877.41935483871,32490.645161290322,19956.6
1996,11,10510.633333333333,,75514.33333333333,111783.33333333333,31525.666666666668,19721.85
1996,10,9896.258064516129,,61167.096774193546,114132.25806451614,28029.677419354837,15713.7
1996,9,10233.6,,76916.33333333333,154156.66666666666,20205.666666666668,12664.2
1996,8,11121.58064516129,,107099.35483870968,197545.16129032258,24167.41935483871,13118.35
1996,7,11029.064516129032,,134290.32258064515,229477.4193548387,25521.935483870966,14781.0
1996,6,9224.5,,141263.33333333334,246830.0,43057.333333333336,16549.1
1996,5,7208.774193548387,,136748.38709677418,247554.83870967742,50746.45161290323,19669.35
1996,4,6626.8,,127936.66666666667,232163.33333333334,47353.0,19846.5
1996,3,5882.548387096775,,114583.87096774194,199764.51612903227,45321.6129032258,18847.35
1996,2,4982.241379310345,,99808.96551724138,164089.6551724138,39940.34482758621,16546.35
1996,1,6821.612903225807,,91341.6129032258,139474.1935483871,36857.41935483871,13204.35
1995,12,9348.741935483871,,79485.80645161291,114074.19354838709,32657.74193548387,13998.5
1995,11,10027.666666666666,,54385.0,83342.66666666667,27510.333333333332,16155.0
1995,10,9162.58064516129,,39957.41935483871,79913.87096774194,18340.645161290322,14867.05
1995,9,9493.233333333334,,47353.0,113886.0,15570.0,13580.45
1995,8,8850.322580645161,,95258.70967741935,171900.0,18705.16129032258,15384.75
1995,7,7741.548387096775,,124254.83870967742,206490.32258064515,28563.870967741936,16456.6
1995,6,7233.7,,130703.33333333333,223240.0,36991.666666666664,18113.65
1995,5,5821.8387096774195,,125729.03225806452,216993.5483870968,41255.16129032258,21061.7
1995,4,3689.3,,111473.66666666667,187950.0,44108.0,23903.55
1995,3,2622.6451612903224,,90698.70967741935,163854.83870967742,38792.58064516129,24403.52581
1995,2,2534.0,,92050.71428571429,153050.0,35134.642857142855,20877.53929
1995,1,5246.935483870968,,98334.83870967742,143664.51612903227,36484.83870967742,16058.0
1994,12,9946.09677419355,,98662.90322580645,119722.58064516129,37467.096774193546,16882.4
1994,11,9540.866666666667,,86713.0,115053.33333333333,29928.666666666668,16048.25
1994,10,7920.580645161291,,83879.35483870968,139277.4193548387,26504.516129032258,13194.2
1994,9,6575.066666666667,,110020.66666666667,176123.33333333334,23599.666666666668,14024.15
1994,8,6866.354838709677,,140006.4516129032,214654.83870967742,26490.0,17844.95
1994,7,8376.290322580646,,150519.35483870967,245035.48387096773,45716.77419354839,19705.4
1994,6,9081.566666666668,,150260.0,254976.66666666666,56573.333333333336,17517.8
1994,5,8073.548387096775,,145529.03225806452,254625.8064516129,58191.290322580644,16053.75
1994,4,6451.433333333333,,138000.0,243496.66666666666,51333.0,17356.55
1994,3,5146.225806451613,,125893.54838709677,225325.8064516129,47471.93548387097,19534.2
1994,2,5154.107142857143,,118150.0,198107.14285714287,42356.07142857143,17732.2
1994,1,8044.612903225807,,112529.03225806452,171358.06451612903,41907.74193548387,16400.35
1993,12,10011.90322580645,,102264.83870967742,140364.51612903227,44866.77419354839,18929.15
1993,11,8982.033333333333,,81638.66666666667,114923.33333333333,41541.333333333336,21217.6
1993,10,8267.709677419354,,72474.83870967742,119812.90322580645,29920.967741935485,17312.35
1993,9,7236.833333333333,,92036.66666666667,151080.0,30248.666666666668,13546.4
1993,8,6275.225806451613,,120577.41935483871,190770.96774193548,30468.387096774193,14920.4
1993,7,7770.4838709677415,,144832.25806451612,223100.0,33932.58064516129,16955.25
1993,6,8567.0,,150786.66666666666,240130.0,48331.666666666664,18247.05
1993,5,7417.774193548387,,143854.83870967742,244303.2258064516,57147.41935483871,19096.1
1993,4,5266.033333333334,,133606.66666666666,230240.0,55020.0,21394.35
1993,3,3587.3870967741937,,120980.64516129032,200690.32258064515,48118.3870967742,22362.1
1993,2,3850.285714285714,,110435.71428571429,169053.57142857142,43979.28571428572,22529.9
1993,1,5111.387096774193,,101456.7741935484,146703.2258064516,41971.93548387097,23168.1
1992,12,7096.387096774193,,82652.25806451614,116183.87096774194,37422.903225806454,23242.15
1992,11,6913.7,,62985.0,96225.33333333333,27920.666666666668,21401.7
1992,10,6908.0,,58607.41935483871,106225.80645161291,27963.870967741936,19971.15
1992,9,6075.166666666667,,60995.0,117273.33333333333,27658.666666666668,20744.35
1992,8,5717.8387096774195,,73867.09677419355,136858.06451612903,21935.16129032258,23052.15
1992,7,4898.806451612903,,101503.87096774194,157516.12903225806,28637.41935483871,27669.4
1992,6,5506.9,,117020.0,178883.33333333334,31272.333333333332,28163.5
1992,5,4616.903225806452,,120512.90322580645,192138.70967741936,39336.12903225807,23611.6
1992,4,2844.133333333333,,114203.33333333333,182753.33333333334,43546.666666666664,20616.0
1992,3,2884.032258064516,,86037.09677419355,145896.7741935484,37573.54838709677,19253.95
1992,2,3067.7241379310344,,64566.206896551725,127241.37931034483,26577.58620689655,18723.3
1992,1,4552.064516129032,,66524.51612903226,111938.70967741935,30776.451612903227,17869.15
1991,12,8437.838709677419,,73194.83870967742,98770.0,30162.25806451613,14370.7
1991,11,8240.233333333334,,55941.0,86600.66666666667,29331.666666666668,13718.4
1991,10,7768.451612903225,,63027.41935483871,106071.6129032258,20914.1935483871,13907.95
1991,9,5396.466666666666,,82658.66666666667,156120.0,17551.666666666668,13306.75
1991,8,6346.741935483871,,111482.58064516129,198667.74193548388,20542.25806451613,17030.65
1991,7,6739.903225806452,,133800.0,222851.61290322582,31937.09677419355,18483.25
1991,6,7130.266666666666,,136703.33333333334,238143.33333333334,43552.666666666664,19898.35
1991,5,6418.193548387097,,131722.5806451613,232541.93548387097,49595.8064516129,20567.85
1991,4,4843.433333333333,,118960.0,210280.0,46821.666666666664,17828.3
1991,3,4154.709677419355,,102310.32258064517,182167.74193548388,43340.0,16653.9
1991,2,3695.964285714286,,98831.42857142857,175885.7142857143,37792.857142857145,16121.75
1991,1,7049.870967741936,,101054.19354838709,148780.64516129033,40981.93548387097,17825.95
1990,12,10193.774193548386,,76352.58064516129,116558.3870967742,40799.67741935484,21861.1
1990,11,9891.166666666666,,54498.333333333336,92083.0,32235.0,22918.6
1990,10,7998.290322580645,,47007.74193548387,105591.6129032258,20264.83870967742,22480.2
1990,9,6605.866666666667,,82893.66666666667,152636.66666666666,23294.666666666668,20697.6
1990,8,6334.967741935484,,106401.29032258065,192254.83870967742,25713.870967741936,
1990,7,7090.322580645161,,121087.09677419355,217635.48387096773,39304.83870967742,23017.2
1990,6,7707.366666666667,,130290.0,229890.0,36356.666666666664,21659.0
1990,5,7400.580645161291,,132390.32258064515,230096.7741935484,42208.709677419356,19833.4
1990,4,5276.166666666667,,125723.33333333333,215663.33333333334,47024.0,18224.9
1990,3,4684.419354838709,,115125.80645161291,194151.61290322582,44279.032258064515,21120.45
1990,2,5056.821428571428,,96150.35714285714,151160.7142857143,43343.92857142857,22041.3
1990,1,6673.225806451613,,59857.096774193546,125103.2258064516,29214.516129032258,16797.4
1989,12,10709.387096774193,,65621.42857142857,129277.41935483871,24922.90322580645,16900.15
1989,11,12045.5,,79514.33333333333,129480.0,34533.666666666664,20616.0
1989,10,10530.806451612903,,73022.90322580645,136329.03225806452,34064.51612903226,21195.4
1989,9,8298.333333333334,,104963.33333333333,182383.33333333334,23391.0,19252.25
1989,8,6888.806451612903,,137874.1935483871,227083.87096774194,32120.645161290322,17304.7
1989,7,7218.193548387097,,147848.38709677418,257503.2258064516,45373.22580645161,16562.5
1989,6,7545.866666666667,,145190.0,271196.6666666667,50232.333333333336,17429.4
1989,5,6463.806451612903,,141112.90322580645,266435.48387096776,52428.709677419356,19178.45
1989,4,5862.366666666667,,132430.0,249593.33333333334,50855.0,20282.9
1989,3,6120.451612903225,,117183.87096774194,217400.0,46518.709677419356,19997.35
1989,2,7224.392857142857,,99552.5,175557.14285714287,44126.78571428572,16799.25
1989,1,11563.516129032258,,83869.67741935483,146300.0,35379.032258064515,12135.9
1988,12,13530.838709677419,,79718.06451612903,125722.58064516129,29731.290322580644,10727.5
1988,11,13159.966666666667,,62192.333333333336,100245.0,30017.333333333332,11753.1
1988,10,12892.709677419354,,56429.354838709674,98140.96774193548,22340.967741935485,14120.35
1988,9,11519.3,,69867.66666666667,136590.0,15169.333333333334,17004.1
1988,8,9669.290322580646,,100973.54838709677,184906.4516129032,16661.935483870966,18697.45
1988,7,8636.290322580646,,128803.2258064516,216912.90322580645,23975.8064516129,20342.6
1988,6,6415.7,,134003.33333333334,228936.66666666666,38705.0,19391.4
1988,5,5725.290322580645,,128306.45161290323,223903.2258064516,46952.58064516129,16943.0
1988,4,4694.9,,118200.0,205110.0,42607.666666666664,17599.5
1988,3,4152.225806451613,,113945.16129032258,191500.0,42800.967741935485,17660.2
1988,2,4394.413793103448,,102752.06896551725,161472.41379310345,41825.862068965514,17335.3
1988,1,6516.709677419355,,91707.41935483871,135522.5806451613,35532.903225806454,16657.65
1987,12,11131.870967741936,,78391.93548387097,111096.7741935484,36917.41935483871,16579.05
1987,11,11086.2,,63447.0,96728.66666666667,32133.666666666668,15315.1
1987,10,8922.258064516129,,59780.0,100486.45161290323,24031.935483870966,13502.15
1987,9,7653.2,,78651.66666666667,129573.33333333333,21352.333333333332,16158.5
1987,8,7563.8387096774195,,102001.6129032258,165977.4193548387,23056.774193548386,20626.7
1987,7,5945.0,,126309.67741935483,200851.61290322582,29942.25806451613,23561.65
1987,6,6982.066666666667,,140943.33333333334,222683.33333333334,37544.333333333336,23284.75
1987,5,6149.193548387097,,140132.25806451612,230267.74193548388,49694.51612903226,21088.2
1987,4,4450.5,,133130.0,216813.33333333334,52851.666666666664,19721.15
1987,3,4113.903225806452,,119177.41935483871,196703.2258064516,54070.0,18826.7
1987,2,4221.642857142857,,109825.0,172485.7142857143,49624.28571428572,17662.75
1987,1,5075.0,,99973.54838709677,157861.29032258064,43550.645161290326,16273.6
1986,12,9593.548387096775,,96773.2258064516,145445.16129032258,37099.67741935484,16189.8
1986,11,10627.533333333333,,87367.0,135853.33333333334,38478.666666666664,17125.35
1986,10,8390.741935483871,,80257.09677419355,132767.74193548388,33283.22580645161,16365.1
1986,9,6189.966666666666,,93761.33333333333,162666.66666666666,25704.0,16248.1
1986,8,6205.225806451613,,118812.90322580645,206677.4193548387,23737.41935483871,18819.25
1986,7,8717.064516129032,,132538.70967741936,230322.5806451613,32177.74193548387,21398.15
1986,6,9228.533333333333,,136196.66666666666,234100.0,46685.333333333336,21987.6
1986,5,8347.09677419355,,129648.3870967742,234745.16129032258,54034.1935483871,21347.9
1986,4,6552.0,,116780.0,218883.33333333334,49204.333333333336,18617.9
1986,3,5667.4838709677415,,101325.16129032258,190141.93548387097,40093.22580645161,14275.3
1986,2,5097.178571428572,,86839.64285714286,163400.0,34291.78571428572,11415.6
1986,1,6525.4838709677415,,80543.87096774194,149561.29032258064,27257.09677419355,11198.8
1985,12,9753.258064516129,,82583.54838709677,129080.64516129032,31450.322580645163,12286.4
1985,11,9906.666666666666,,73870.33333333333,117106.66666666667,29412.666666666668,14656.35
1985,10,9086.90322580645,,73112.90322580645,123980.64516129032,30814.83870967742,17704.8
1985,9,7841.8,,81684.66666666667,148716.66666666666,23894.666666666668,9878.55
1985,8,6058.354838709677,,98063.2258064516,170712.90322580645,26423.225806451614,19567.3
1985,7,4730.290322580645,,111458.06451612903,192090.32258064515,31783.870967741936,20862.7
1985,6,6206.066666666667,,113000.0,202766.66666666666,35813.666666666664,22603.05
1985,5,5521.290322580645,,105890.32258064517,197303.2258064516,38718.3870967742,23241.2
1985,4,3974.4,,96445.66666666667,184190.0,38071.0,22399.2
1985,3,3001.0,,90049.03225806452,180674.1935483871,34020.645161290326,21089.8129
1985,2,3916.8571428571427,,90992.85714285714,178257.14285714287,27697.5,18032.675
1985,1,7954.096774193548,,96407.41935483871,150577.4193548387,35993.54838709677,18769.23226
1984,12,12507.548387096775,,75675.48387096774,121348.3870967742,38535.8064516129,19007.8
1984,11,12762.233333333334,,67201.33333333333,112716.66666666667,27863.333333333332,18308.3
1984,10,11297.548387096775,,64980.645161290326,121512.90322580645,26709.677419354837,16747.35
1984,9,10112.466666666667,,84441.33333333333,155043.33333333334,25755.666666666668,15851.7
1984,8,10414.806451612903,,112844.19354838709,191838.70967741936,26277.41935483871,16764.4
1984,7,10402.806451612903,,130819.35483870968,220977.4193548387,37490.32258064516,18411.1
1984,6,9164.3,,136133.33333333334,236543.33333333334,45541.0,19274.4
1984,5,6783.8387096774195,,132093.5483870968,240893.5483870968,52140.32258064516,18808.65
1984,4,4613.266666666666,,124540.0,217460.0,50261.333333333336,17938.4
1984,3,5016.4838709677415,,113493.54838709677,190122.5806451613,48509.354838709674,20739.25
1984,2,5769.3448275862065,,96008.62068965517,160348.27586206896,41431.379310344826,22611.15
1984,1,7046.387096774193,,90619.35483870968,136819.35483870967,36001.6129032258,21695.65
1983,12,7490.387096774193,,75249.35483870968,109890.32258064517,36924.51612903226,22218.25
1983,11,8007.1,,63132.333333333336,94511.66666666667,30841.0,23168.85
1983,10,7229.774193548387,,51208.06451612903,92427.74193548386,22794.83870967742,22311.3
1983,9,6475.233333333334,,51599.333333333336,104078.66666666667,20867.666666666668,22323.95
1983,8,5830.322580645161,,65594.19354838709,135822.5806451613,18829.354838709678,25917.8
1983,7,6360.870967741936,,110158.3870967742,172274.1935483871,23070.967741935485,28515.35
1983,6,8204.4,,124786.66666666667,190823.33333333334,40082.0,28091.7
1983,5,7319.645161290323,,120225.80645161291,189200.0,48557.096774193546,26498.35
1983,4,4472.666666666667,,110320.0,178323.33333333334,45922.0,27134.3
1983,3,2714.548387096774,,103741.93548387097,160141.93548387097,43363.22580645161,28698.95
1983,2,2490.3928571428573,,104750.0,154707.14285714287,46319.28571428572,27905.2
1983,1,4439.096774193548,,100985.80645161291,142054.83870967742,49048.709677419356,28243.85
1982,12,7575.677419354839,,86388.3870967742,120129.03225806452,44576.77419354839,24062.1
1982,11,9399.0,,65330.666666666664,103240.0,36938.333333333336,18430.8
1982,10,7715.193548387097,,65163.54838709677,114693.54838709677,28015.8064516129,19633.9
1982,9,6023.5,,92983.0,153770.0,23980.333333333332,22357.15
1982,8,6892.774193548387,,122058.06451612903,197393.5483870968,29633.870967741936,22928.75
1982,7,9569.677419354839,,140270.96774193548,235919.35483870967,33691.6129032258,20716.0
1982,6,11091.866666666667,,139843.33333333334,256933.33333333334,,19420.4
1982,5,9026.935483870968,,133083.87096774194,257180.64516129033,,20827.15
1982,4,6370.533333333334,,117850.0,230433.33333333334,,21059.05
1982,3,5139.806451612903,,106641.93548387097,205306.4516129032,,20716.25
1982,2,5824.785714285715,,98982.5,178389.2857142857,,20961.05
1982,1,8324.90322580645,,91512.58064516129,140806.4516129032,,19333.75
1981,12,11579.161290322581,,65253.87096774193,104218.06451612903,,15351.35
1981,11,11148.033333333333,,53383.0,92827.66666666667,,12904.7
1981,10,9925.806451612903,,48171.290322580644,97968.3870967742,,12540.6
1981,9,10343.333333333334,,62560.0,132213.33333333334,,12559.3
1981,8,10850.774193548386,,108960.64516129032,169619.35483870967,,13158.05
1981,7,13566.774193548386,,124025.80645161291,191819.35483870967,,14429.05
1981,6,13530.833333333334,,127166.66666666667,200246.66666666666,,17058.35
1981,5,9666.290322580646,,124641.93548387097,203061.29032258064,,18331.4
1981,4,5001.8,,118586.66666666667,195400.0,,19318.6
1981,3,4968.967741935484,,103588.06451612903,169693.5483870968,,21965.3
1981,2,3794.214285714286,,84834.64285714286,150642.85714285713,,21854.5
1981,1,6687.774193548387,,80294.19354838709,131051.6129032258,,18555.15
1980,12,8713.032258064517,,79629.03225806452,119770.96774193548,,17358.45
1980,11,9038.633333333333,,71386.66666666667,108810.66666666667,,17915.8
1980,10,8011.774193548387,,60010.645161290326,95837.41935483871,,17440.65
1980,9,6136.1,,58902.333333333336,114682.66666666667,,16854.35
1980,8,6259.580645161291,,79645.80645161291,151225.8064516129,,16945.7
1980,7,5895.8387096774195,,99963.2258064516,178316.12903225806,,17667.2
1980,6,6635.866666666667,,111526.66666666667,187793.33333333334,,18011.7
1980,5,5139.1612903225805,,108329.03225806452,183480.64516129033,,19396.4
1980,4,3351.5666666666666,,94251.66666666667,169153.33333333334,,22186.05
1980,3,3158.548387096774,,67090.64516129032,151274.1935483871,,21936.05
1980,2,4655.724137931034,,80279.6551724138,143534.4827586207,,20017.5
1980,1,7502.903225806452,,80583.2258064516,128454.83870967742,,19995.55
1979,12,12341.193548387097,,70148.06451612903,104636.45161290323,,20831.55
1979,11,10863.1,,56220.0,97644.66666666667,,20636.35
1979,10,9138.451612903225,,54696.45161290323,98592.90322580645,,18952.45
1979,9,8187.0,,69330.33333333333,131480.0,,17135.8
1979,8,6924.709677419355,,97053.2258064516,177245.16129032258,,16707.15
1979,7,8788.935483870968,,127106.45161290323,221574.1935483871,,17797.0
1979,6,8824.566666666668,,135193.33333333334,243726.66666666666,,18210.55
1979,5,6962.451612903225,,129412.90322580645,240419.35483870967,,16689.75
1979,4,4257.066666666667,,114596.66666666667,214736.66666666666,,16775.55
1979,3,3337.032258064516,,91128.70967741935,184080.64516129033,,17383.7
1979,2,2826.035714285714,,87695.35714285714,168835.7142857143,,16239.5
1979,1,5471.1612903225805,,98082.25806451614,154977.4193548387,,14036.85
1978,12,9152.967741935483,,84103.2258064516,124732.25806451614,,13958.0
1978,11,9520.333333333334,,81511.0,117746.66666666667,,13129.4
1978,10,7929.612903225807,,78297.41935483871,120674.19354838709,,13483.1
1978,9,6553.133333333333,,88195.0,151793.33333333334,,14268.95
1978,8,7005.096774193548,,121170.96774193548,191851.61290322582,,12919.45
1978,7,8702.709677419354,,135529.03225806452,222241.93548387097,,12202.75
1978,6,9034.266666666666,,139403.33333333334,238220.0,,11354.3
1978,5,8374.612903225807,,129916.12903225806,236625.8064516129,,11858.25
1978,4,5916.3,,113880.0,216380.0,,16119.3
1978,3,2697.064516129032,,109316.12903225806,194554.83870967742,,18269.8
1978,2,2776.214285714286,,98525.71428571429,173860.7142857143,,18529.6
1978,1,5146.5161290322585,,104460.32258064517,164683.87096774194,,18444.9
1977,12,9908.677419354839,,100034.83870967742,139806.4516129032,,15598.45
1977,11,10327.533333333333,,90879.0,128126.66666666667,,12991.25
1977,10,8275.193548387097,,78717.41935483871,124551.6129032258,,12156.7
1977,9,5730.333333333333,,90889.66666666667,155153.33333333334,,11892.25
1977,8,6383.129032258064,,119229.03225806452,198419.35483870967,,12661.25
1977,7,6288.645161290323,,137635.48387096773,232283.87096774194,,13399.95
1977,6,6775.833333333333,,142446.66666666666,246056.66666666666,,15045.85
1977,5,4768.064516129032,,137648.38709677418,237729.03225806452,,18471.35
1977,4,2952.5666666666666,,121416.66666666667,201793.33333333334,,21304.0
1977,3,1952.774193548387,,98877.09677419355,166638.70967741936,,23963.3
1977,2,2119.6785714285716,,79832.5,148946.42857142858,,22941.7
1977,1,3132.032258064516,,85910.32258064517,134558.06451612903,,19288.55
1976,12,6945.870967741936,,75079.03225806452,110083.87096774194,,17783.95
1976,11,9041.933333333332,,65239.0,99930.0,,16045.35
1976,10,7209.548387096775,,71116.7741935484,118706.45161290323,,14635.3
1976,9,4573.733333333334,,99975.0,163716.66666666666,,14714.7
1976,8,5593.322580645161,,126570.96774193548,212064.51612903227,,14483.1
1976,7,7424.612903225807,,140738.70967741936,249919.35483870967,,15759.35
1976,6,8307.4,,143683.33333333334,265356.6666666667,,14768.95
1976,5,7896.870967741936,,136958.06451612903,265393.5483870968,,14965.5
1976,4,5985.666666666667,,127076.66666666667,239776.66666666666,,18782.1
1976,3,5417.645161290323,,109735.48387096774,201958.06451612903,,19424.5
1976,2,6052.862068965517,,101181.37931034483,173741.37931034484,,18603.3
1976,1,10435.354838709678,,85278.70967741935,139758.06451612903,,18111.05
1975,12,14694.75,,77017.41935483871,116409.67741935483,,16752.55
1975,11,14830.45,,71872.0,116980.0,,16579.05
1975,10,12699.0,,86608.70967741935,150861.29032258064,,15771.9
1975,9,10697.0,,114993.33333333333,191623.33333333334,,13429.15
1975,8,9192.032258064517,,140022.5806451613,224409.67741935485,,12707.15
1975,7,8707.709677419354,,148148.38709677418,246383.87096774194,,12726.1
1975,6,7785.6,,147936.66666666666,259866.66666666666,,15027.35
1975,5,6222.0,,141696.7741935484,255132.25806451612,,16492.45
1975,4,4242.033333333334,,131300.0,235020.0,,16879.7
1975,3,4896.258064516129,,119567.74193548386,203783.87096774194,,17100.96774
1975,2,3879.5,,109692.85714285714,175728.57142857142,,16913.68929
1975,1,7014.8387096774195,,97034.51612903226,150403.2258064516,,14616.43548
1974,12,14158.741935483871,,90421.6129032258,135061.29032258064,,12133.35
1974,11,14475.3,,89010.33333333333,134730.0,,11233.35
1974,10,10593.483870967742,,87669.67741935483,147500.0,,12354.2
1974,9,7316.433333333333,,107772.66666666667,178476.66666666666,,14566.45
1974,8,7024.451612903225,,129209.67741935483,210932.25806451612,,16091.85
1974,7,7253.419354838709,,140990.32258064515,234564.51612903227,,18325.7
1974,6,7957.2,,143790.0,248773.33333333334,,19139.7
1974,5,7657.580645161291,,138470.96774193548,249574.1935483871,,20567.85
1974,4,6207.9,,124200.0,233100.0,,20418.65
1974,3,6449.225806451613,,111867.74193548386,208396.7741935484,,20669.9
1974,2,7291.857142857143,,102717.85714285714,181267.85714285713,,19888.9
1974,1,10494.709677419354,,96129.35483870968,154022.5806451613,,15985.6
1973,12,12731.451612903225,,89499.67741935483,139419.35483870967,,14126.5
1973,11,12395.833333333334,,76649.33333333333,135063.33333333334,,15889.45
1973,10,11374.129032258064,,93164.19354838709,155532.25806451612,,17072.5
1973,9,9128.866666666667,,113980.0,182676.66666666666,,15997.3
1973,8,7416.709677419355,,132461.29032258064,212303.2258064516,,17578.55
1973,7,6545.741935483871,,142432.25806451612,231012.90322580645,,19735.95
1973,6,5443.333333333333,,144300.0,238923.33333333334,,20079.35
1973,5,4528.903225806452,,134661.29032258064,225406.4516129032,,20606.1
1973,4,2960.4,,119470.0,196093.33333333334,,21258.6
1973,3,2303.516129032258,,108090.32258064517,171516.12903225806,,22004.65
1973,2,2435.785714285714,,100542.14285714286,150878.57142857142,,21550.3
1973,1,4160.258064516129,,97975.80645161291,139761.29032258064,,20826.5
1972,12,7553.225806451613,,84271.93548387097,121338.70967741935,,20367.9
1972,11,8035.966666666666,,74689.33333333333,114493.33333333333,,19549.35
1972,10,7051.322580645161,,89142.58064516129,137141.93548387097,,18049.05
1972,9,6589.8,,110676.66666666667,166733.33333333334,,14881.45
1972,8,6555.903225806452,,128096.7741935484,199290.32258064515,,13370.2
1972,7,9530.58064516129,,141480.64516129033,228396.7741935484,,13945.35
1972,6,9886.833333333334,,143800.0,243476.66666666666,,12363.9
1972,5,7967.258064516129,,,242832.25806451612,,13054.65
1972,4,5426.333333333333,,,223763.33333333334,,16606.95
1972,3,4346.580645161291,,,203851.61290322582,,15755.6
1972,2,5917.9655172413795,,,168324.1379310345,,11950.45
1972,1,7222.967741935484,,,134674.1935483871,,10512.7
1971,12,10721.161290322581,,,131461.29032258064,,9232.85
1971,11,12026.5,,,125696.66666666667,,9208.05
1971,10,11315.354838709678,,,139703.2258064516,,9640.6
1971,9,10591.1,,,176486.66666666666,,9997.7
1971,8,9766.709677419354,,,214648.38709677418,,13479.25
1971,7,10930.90322580645,,,241990.32258064515,,15379.0
1971,6,11467.433333333332,,,253240.0,,15718.55
1971,5,9969.709677419354,,,247196.7741935484,,15511.1
1971,4,9037.1,,,225853.33333333334,,15490.7
1971,3,8074.5161290322585,,,186696.7741935484,,17345.0
1971,2,9078.357142857143,,,152692.85714285713,,18294.3
1971,1,10873.548387096775,,,116464.51612903226,,13790.3
1970,12,9904.73001554277,,,97980.64516129032,,9015.45
1970,11,9919.576243201242,,,99957.33333333333,,10813.65
1970,10,11062.032258064517,,,124267.74193548386,,11510.9
1970,9,10099.233333333334,,,156023.33333333334,,8291.3
1970,8,9100.935483870968,,,191245.16129032258,,9492.75
1970,7,8772.451612903225,,,216035.48387096773,,11638.65
1970,6,9005.0,,,228460.0,,10749.85
1970,5,7165.580645161291,,,228393.5483870968,,10806.4
1970,4,4970.6,,,203206.66666666666,,13789.85
1970,3,4546.032258064516,,,172474.1935483871,,15131.8
1970,2,5730.928571428572,,,140967.85714285713,,12763.75
1970,1,9141.483870967742,,,114819.35483870968,,12037.7
1969,12,11668.354838709678,,,95770.32258064517,,13717.45
1969,11,11160.433333333332,,,93059.33333333333,,13309.9
1969,10,9205.0,,,101963.87096774194,,9261.1
1969,9,7402.433333333333,,,129316.66666666667,,6783.55
1969,8,6633.806451612903,,,158009.67741935485,,9062.15
1969,7,7506.548387096775,,,186490.32258064515,,13401.25
1969,6,8598.466666666667,,,207883.33333333334,,12851.0
1969,5,7686.193548387097,,,218590.32258064515,,11181.55
1969,4,5189.566666666667,,,193266.66666666666,,11001.05
1969,3,3650.3548387096776,,,164867.74193548388,,11641.95
1969,2,4114.107142857143,,,149407.14285714287,,14076.1
1969,1,6294.387096774193,,,136580.64516129033,,12189.7
1968,12,10426.290322580646,,,121383.87096774194,,9197.4
1968,11,10412.866666666667,,,120660.0,,8981.55
1968,10,9339.483870967742,,,129922.58064516129,,7706.55
1968,9,8547.133333333333,,,140383.33333333334,,7415.85
1968,8,8242.806451612903,,,158151.61290322582,,7859.75
1968,7,8601.548387096775,,,181122.5806451613,,7905.25
1968,6,7805.3,,,203816.66666666666,,8662.9
1968,5,6328.612903225807,,,205209.67741935485,,9518.65
1968,4,4678.8,,,174853.33333333334,,11941.3
1968,3,3527.2258064516127,,,155393.5483870968,,14303.1
1968,2,3659.0689655172414,,,144071.42857142858,,14090.1
1968,1,4729.774193548387,,,,,11809.65
1967,12,8231.677419354839,,,,,9750.1
1967,11,8578.8,,,,,9118.05
1967,10,7131.193548387097,,,,,9757.15
1967,9,7045.8,,,,,10214.25
1967,8,7482.451612903225,,,,,11202.5
1967,7,8636.161290322581,,,,,12150.6
1967,6,8195.366666666667,,,,,11793.2
1967,5,6671.580645161291,,,,,15516.85
1967,4,4685.866666666667,,,,,20102.3
1967,3,4605.064516129032,,,,,19316.65
1967,2,6099.285714285715,,,,,17717.5
1967,1,9941.709677419354,,,,,14557.45
1966,12,10688.09677419355,,,,,12967.1
1966,11,9666.066666666668,,,,,13188.15
1966,10,8607.935483870968,,,,,11136.0
1966,9,8311.4,,,,,9573.65
1966,8,8274.258064516129,,,,,11000.1
1966,7,8655.645161290322,,,,,14339.95
1966,6,7451.733333333334,,,,,18470.15
1966,5,5300.096774193548,,,,,22877.75
1966,4,3569.4,,,,,26614.05
1966,3,3114.6774193548385,,,,,27200.65
1966,2,4128.714285714285,,,,,24714.15
1966,1,7794.354838709677,,,,,21954.5
1965,12,9908.483870967742,,,,,19195.6
1965,11,8564.033333333333,,,,,18392.4
1965,10,7215.4838709677415,,,,,14994.75
1965,9,5905.166666666667,,,,,14425.95
1965,8,5239.0,,,,,18432.25
1965,7,4865.4838709677415,,,,,21309.05
1965,6,6375.3,,,,,21175.95
1965,5,5871.548387096775,,,,,21341.8
1965,4,3984.1666666666665,,,,,21406.5
1965,3,2894.1612903225805,,,,,18646.10645
1965,2,3268.785714285714,,,,,15644.47857
1965,1,5613.645161290323,,,,,12668.89355
1964,12,9146.41935483871,,,,,9967.3
1964,11,10614.533333333333,,,,,8766.25
1964,10,10006.225806451614,,,,,8393.25
1964,9,10150.066666666668,,,,,8568.2
1964,8,9935.58064516129,,,,,8205.3
1964,7,9300.0,,,,,9230.6
1964,6,7703.733333333334,,,,,12181.4
1964,5,5624.548387096775,,,,,14733.05
1964,4,4124.833333333333,,,,,14969.7
1964,3,2778.935483870968,,,,,13924.9
1964,2,2799.1724137931033,,,,,10818.5
1964,1,5306.741935483871,,,,,11387.35
1963,12,9221.0,,,,,15077.7
1963,11,9038.833333333334,,,,,12468.3
1963,10,7791.193548387097,,,,,7807.35
1963,9,7456.533333333334,,,,,7993.6
1963,8,8262.677419354839,,,,,8843.35
1963,7,8926.0,,,,,10808.8
1963,6,9393.5,,,,,12571.2
1963,5,8281.0,,,,,14716.65
1963,4,6373.4,,,,,17343.7
1963,3,4632.4838709677415,,,,,18867.25
1963,2,4493.321428571428,,,,,18087.95
1963,1,6048.4838709677415,,,,,14059.4
1962,12,9448.322580645161,,,,,10607.4
1962,11,9980.033333333333,,,,,11979.1
1962,10,9180.451612903225,,,,,11343.3
1962,9,9232.0,,,,,8154.9
1962,8,9716.225806451614,,,,,8170.05
1962,7,10054.032258064517,,,,,9903.05
1962,6,9211.033333333333,,,,,11914.95
1962,5,7249.645161290323,,,,,15323.0
1962,4,4828.3,,,,,18727.85
1962,3,4030.9032258064517,,,,,17722.15
1962,2,4102.071428571428,,,,,15114.2
1962,1,7140.967741935484,,,,,13794.7
1961,12,10821.129032258064,,,,,14109.75
1961,11,9698.033333333333,,,,,13679.55
1961,10,7489.935483870968,,,,,12543.2
1961,9,6797.266666666666,,,,,11400.15
1961,8,5871.903225806452,,,,,13853.5
1961,7,6120.677419354839,,,,,19108.1
1961,6,5772.233333333334,,,,,22506.45
1961,5,5702.387096774193,,,,,24162.65
1961,4,4406.833333333333,,,,,22662.4
1961,3,3098.2580645161293,,,,,19761.05
1961,2,4317.75,,,,,18211.45
1961,1,7495.5161290322585,,,,,15487.45
1960,12,10339.806451612903,,,,,15322.15
1960,11,9379.333333333334,,,,,15908.2
1960,10,7585.451612903225,,,,,12924.8
1960,9,7813.466666666666,,,,,11651.45
1960,8,7157.387096774193,,,,,11367.0
1960,7,7877.129032258064,,,,,11489.7
1960,6,7876.566666666667,,,,,12248.15
1960,5,6925.709677419355,,,,,15065.7
1960,4,4725.166666666667,,,,,18264.15
1960,3,3721.8387096774195,,,,,18685.9
1960,2,4808.413793103448,,,,,17018.45
1960,1,6760.806451612903,,,,,15562.8
1959,12,8926.451612903225,,,,,13998.0
1959,11,9129.433333333332,,,,,13955.55
1959,10,7288.612903225807,,,,,13620.0
1959,9,6218.4,,,,,12812.55
1959,8,6096.4838709677415,,,,,14111.75
1959,7,6923.5161290322585,,,,,16981.6
1959,6,6802.466666666666,,,,,19878.25
1959,5,5827.903225806452,,,,,22045.65
1959,4,3098.3333333333335,,,,,22823.35
1959,3,2298.8,,,,,22214.55
1959,2,2137.529411764706,,,,,20606.35
1959,1,3453.6129032258063,,,,,18768.2
1958,12,5562.225806451613,,,,,17043.45
1958,11,7207.766666666666,,,,,14862.75
1958,10,5663.258064516129,,,,,14247.25
1958,9,5018.866666666667,,,,,12508.0
1958,8,5606.967741935484,,,,,11403.3
1958,7,4747.806451612903,,,,,12942.15
1958,6,6442.233333333334,,,,,14720.8
1958,5,5667.741935483871,,,,,16428.8
1958,4,3441.366666666667,,,,,17800.5
1958,3,2527.3870967741937,,,,,17371.55
1958,2,2650.8928571428573,,,,,14900.8
1958,1,3656.0967741935483,,,,,14075.55
1957,12,6407.419354838709,,,,,16067.5
1957,11,7166.766666666666,,,,,19393.45
1957,10,6284.258064516129,,,,,20841.0
1957,9,5135.633333333333,,,,,19470.6
1957,8,5316.8387096774195,,,,,17629.5
1957,7,6377.225806451613,,,,,15979.4
1957,6,7895.5,,,,,16123.45
1957,5,5821.387096774193,,,,,17766.0
1957,4,4337.166666666667,,,,,18926.15
1957,3,3837.6774193548385,,,,,17804.25
1957,2,4213.0,,,,,14708.55
1957,1,8188.774193548387,,,,,10797.0
1956,12,9904.73001554277,,,,,10803.55
1956,11,11282.615384615385,,,,,13234.35
1956,10,9777.290322580646,,,,,15453.95
1956,9,8479.9,,,,,18224.8
1956,8,8293.354838709678,,,,,19609.0
1956,7,9889.354838709678,,,,,19950.65
1956,6,9495.5,,,,,19352.75
1956,5,7263.645161290323,,,,,17469.05
1956,4,6520.633333333333,,,,,13935.6
1956,3,7075.774193548387,,,,,10880.25
1956,2,8183.758620689655,,,,,11634.25
1956,1,10684.129032258064,,,,,10905.0
1955,12,11605.714285714286,,,,,8309.2
1955,11,11348.75,,,,,7946.45
1955,10,10622.41935483871,,,,,8309.95
1955,9,10162.433333333332,,,,,9992.55
1955,8,10251.677419354839,,,,,14433.95
1955,7,10142.129032258064,,,,,17393.9
1955,6,9442.233333333334,,,,,14518.5
1955,5,8349.516129032258,,,,,14188.85
1955,4,6480.233333333334,,,,,13396.4
1955,3,4534.677419354839,,,,,10212.03226
1955,2,4973.357142857143,,,,,11338.41071
1955,1,9458.0,,,,,9442.564516
1954,12,11457.5,,,,,9178.0
1954,11,10989.35,,,,,12598.65
1954,10,9535.645161290322,,,,,13294.2
1954,9,9182.7,,,,,12655.4
1954,8,10413.322580645161,,,,,17080.25
1954,7,9701.129032258064,,,,,20405.15
1954,6,7891.566666666667,,,,,18299.15
1954,5,6683.612903225807,,,,,13789.4
1954,4,4444.633333333333,,,,,13485.3
1954,3,3533.5806451612902,,,,,14343.65
1954,2,3852.535714285714,,,,,14120.85
1954,1,6970.870967741936,,,,,13753.65
1953,12,8586.935483870968,,,,,14963.25
1953,11,8329.633333333333,,,,,14630.4
1953,10,7030.709677419355,,,,,10720.4
1953,9,5211.666666666667,,,,,8153.05
1953,8,5152.419354838709,,,,,7984.0
1953,7,6538.225806451613,,,,,10923.8
1953,6,7405.533333333334,,,,,12052.55
1953,5,5997.5161290322585,,,,,11815.75
1953,4,4524.2,,,,,10477.1
1953,3,3221.6129032258063,,,,,9623.6
1953,2,4516.25,,,,,10159.1
1953,1,6437.0,,,,,10074.45
1952,12,8350.645161290322,,,,,12112.2
1952,11,7878.066666666667,,,,,14219.6
1952,10,7105.064516129032,,,,,11641.1
1952,9,6426.733333333334,,,,,8956.9
1952,8,6937.741935483871,,,,,9755.0
1952,7,7043.419354838709,,,,,11831.45
1952,6,7026.966666666666,,,,,12197.35
1952,5,6504.225806451613,,,,,14535.4
1952,4,3841.1,,,,,17486.3
1952,3,3060.6451612903224,,,,,15139.15
1952,2,3573.448275862069,,,,,10870.15
1952,1,6398.290322580645,,,,,10004.65
1951,12,8979.774193548386,,,,,10881.05
1951,11,8344.0,,,,,9250.6
1951,10,7359.677419354839,,,,,7727.9
1951,9,7237.133333333333,,,,,7508.45
1951,8,6824.935483870968,,,,,8369.8
1951,7,7149.5161290322585,,,,,9686.05
1951,6,7035.2,,,,,12841.25
1951,5,6072.0,,,,,18943.0
1951,4,4543.5,,,,,21989.1
1951,3,5335.032258064516,,,,,19949.25
1951,2,6822.464285714285,,,,,16328.35
1951,1,8831.677419354839,,,,,13735.85
1950,12,11606.25,,,,,11872.35
1950,11,10763.333333333334,,,,,11794.25
1950,10,9761.741935483871,,,,,10611.55
1950,9,10745.966666666667,,,,,8716.95
1950,8,11014.838709677419,,,,,11155.3
1950,7,11480.25,,,,,14062.75
1950,6,9652.5,,,,,14974.55
1950,5,7553.0,,,,,17775.25
1950,4,6031.7,,,,,19349.55
1950,3,6484.580645161291,,,,,17353.8
1950,2,6180.392857142857,,,,,14302.35
1950,1,6431.322580645161,,,,,10997.8
1949,12,,,,,,7876.15
1949,11,,,,,,6869.6
1949,10,,,,,,7729.45
1949,9,,,,,,8014.75
1949,8,,,,,,8740.15
1949,7,,,,,,11237.9
1949,6,,,,,,12354.85
1949,5,,,,,,12560.45
1949,4,,,,,,15526.8
1949,3,,,,,,16293.35
1949,2,,,,,,12512.65
1949,1,,,,,,9682.9
1948,12,,,,,,10187.55
1948,11,,,,,,9532.25
1948,10,,,,,,8057.3
1948,9,,,,,,8402.7
1948,8,,,,,,8816.7
1948,7,,,,,,9230.7
1948,6,,,,,,10730.75
1948,5,,,,,,14679.7
1948,4,,,,,,17552.6
1948,3,,,,,,16894.75
1948,2,,,,,,14609.55
1948,1,,,,,,11602.9
1947,12,,,,,,10702.25
1947,11,,,,,,13285.0
1947,10,,,,,,15263.6
1947,9,,,,,,13774.15
1947,8,,,,,,14382.2
1947,7,,,,,,17148.6
1947,6,,,,,,19399.95
1947,5,,,,,,21088.2
1947,4,,,,,,21204.5
1947,3,,,,,,19316.65
1947,2,,,,,,17453.65
1947,1,,,,,,16105.6
1946,12,,,,,,14545.05
1946,11,,,,,,13429.0
1946,10,,,,,,11325.0
1946,9,,,,,,13251.2
1946,8,,,,,,17722.3
1946,7,,,,,,18808.65
1946,6,,,,,,18847.35
1946,5,,,,,,19843.65
1946,4,,,,,,21556.1
1946,3,,,,,,20359.65
1946,2,,,,,,17322.05
1946,1,,,,,,13377.5
1945,12,,,,,,10071.8
1945,11,,,,,,8924.7
1945,10,,,,,,8310.65
1945,9,,,,,,8065.7
1945,8,,,,,,10014.7
1945,7,,,,,,10331.3
1945,6,,,,,,9567.35
1945,5,,,,,,13107.25
1945,4,,,,,,15544.25
1945,3,,,,,,14858.50323
1945,2,,,,,,10328.86071
1945,1,,,,,,7040.087097
1944,12,,,,,,7780.6
1944,11,,,,,,6734.75
1944,10,,,,,,5961.65
1944,9,,,,,,5816.35
1944,8,,,,,,6265.95
1944,7,,,,,,7084.95
1944,6,,,,,,8057.2
1944,5,,,,,,9661.75
1944,4,,,,,,12899.85
1944,3,,,,,,12931.85
1944,2,,,,,,11344.4
1944,1,,,,,,12273.0
1943,12,,,,,,12981.5
1943,11,,,,,,12722.05
1943,10,,,,,,9978.8
1943,9,,,,,,8496.8
1943,8,,,,,,9992.25
1943,7,,,,,,12821.4
1943,6,,,,,,12505.7
1943,5,,,,,,13076.2
1943,4,,,,,,17012.5
1943,3,,,,,,17507.05
1943,2,,,,,,15718.85
1943,1,,,,,,12100.65
1942,12,,,,,,9862.35
1942,11,,,,,,11056.15
1942,10,,,,,,12108.3
1942,9,,,,,,13274.15
1942,8,,,,,,17675.35
1942,7,,,,,,20808.65
1942,6,,,,,,21302.15
1942,5,,,,,,20570.6
1942,4,,,,,,19321.75
1942,3,,,,,,17954.35
1942,2,,,,,,17310.55
1942,1,,,,,,17515.2
1941,12,,,,,,15362.55
1941,11,,,,,,12135.7
1941,10,,,,,,11245.35
1941,9,,,,,,13133.9
1941,8,,,,,,14344.45
1941,7,,,,,,14465.55
1941,6,,,,,,17654.3
1941,5,,,,,,19673.4
1941,4,,,,,,16947.35
1941,3,,,,,,15929.5
1941,2,,,,,,16257.65
1941,1,,,,,,15213.45
1940,12,,,,,,13379.9
1940,11,,,,,,10354.2
1940,10,,,,,,10974.65
1940,9,,,,,,13918.9
1940,8,,,,,,15891.45
1940,7,,,,,,17549.1
1940,6,,,,,,18980.05
1940,5,,,,,,20394.35
1940,4,,,,,,20373.2
1940,3,,,,,,19299.5
1940,2,,,,,,19508.2
1940,1,,,,,,19570.8
1939,12,,,,,,16744.8
1939,11,,,,,,12540.05
1939,10,,,,,,10795.0
1939,9,,,,,,9831.05
1939,8,,,,,,9678.3
1939,7,,,,,,12194.25
1939,6,,,,,,14473.95
1939,5,,,,,,15199.5
1939,4,,,,,,14947.35
1939,3,,,,,,14683.35
1939,2,,,,,,14040.05
1939,1,,,,,,12133.3
1938,12,,,,,,9308.25
1938,11,,,,,,7524.1
1938,10,,,,,,8146.0
1938,9,,,,,,9990.45
1938,8,,,,,,14307.8
1938,7,,,,,,16426.45
1938,6,,,,,,14282.1
1938,5,,,,,,14375.5
1938,4,,,,,,16769.35
1938,3,,,,,,17685.75
1938,2,,,,,,16143.3
1938,1,,,,,,13942.75
1937,12,,,,,,13157.45
1937,11,,,,,,11718.4
1937,10,,,,,,9180.15
1937,9,,,,,,7896.5
1937,8,,,,,,8203.4
1937,7,,,,,,10169.1
1937,6,,,,,,12368.6
1937,5,,,,,,13531.4
1937,4,,,,,,14974.25
1937,3,,,,,,16142.5
1937,2,,,,,,16042.5
1937,1,,,,,,13046.85
1936,12,,,,,,9931.15
1936,11,,,,,,9081.55
1936,10,,,,,,9941.5
1936,9,,,,,,10963.35
1936,8,,,,,,12502.3
1936,7,,,,,,16190.35
1936,6,,,,,,15389.85
1936,5,,,,,,12177.7
1936,4,,,,,,13376.4
1936,3,,,,,,14538.9
1936,2,,,,,,17549.15
1936,1,,,,,,19252.25
1935,12,,,,,,19343.65
1935,11,,,,,,19968.6
1935,10,,,,,,15893.8
1935,9,,,,,,13994.3
1935,8,,,,,,14081.55
1935,7,,,,,,12894.1
1935,6,,,,,,12445.85
1935,5,,,,,,13612.15
1935,4,,,,,,16791.45
1935,3,,,,,,16742.76774
1935,2,,,,,,13910.38571
1935,1,,,,,,12618.23226
1934,12,,,,,,8133.9
1934,11,,,,,,7240.0
1934,10,,,,,,7826.15
1934,9,,,,,,7463.2
1934,8,,,,,,7421.55
1934,7,,,,,,8394.4
1934,6,,,,,,9761.7
1934,5,,,,,,10992.15
1934,4,,,,,,12104.5
1934,3,,,,,,12537.4
1934,2,,,,,,12321.8
1934,1,,,,,,11098.9
1933,12,,,,,,9389.6
1933,11,,,,,,9483.05
1933,10,,,,,,9361.95
1933,9,,,,,,8641.85
1933,8,,,,,,9380.5
1933,7,,,,,,10100.15
1933,6,,,,,,11739.65
1933,5,,,,,,14466.0
1933,4,,,,,,17607.0
1933,3,,,,,,19399.4
1933,2,,,,,,19152.2
1933,1,,,,,,18215.8
1932,12,,,,,,16815.0
1932,11,,,,,,17242.15
1932,10,,,,,,16503.95
1932,9,,,,,,15216.9
1932,8,,,,,,18115.85
1932,7,,,,,,20274.85
1932,6,,,,,,21175.95
1932,5,,,,,,21286.75
1932,4,,,,,,20385.65
1932,3,,,,,,19111.7
1932,2,,,,,,17376.5
1932,1,,,,,,15437.6
1931,12,,,,,,14071.55
1931,11,,,,,,13840.95
1931,10,,,,,,14217.15
1931,9,,,,,,14472.85
1931,8,,,,,,18629.45
1931,7,,,,,,22144.8
1931,6,,,,,,22239.25
1931,5,,,,,,22240.3
1931,4,,,,,,22430.8
1931,3,,,,,,21365.65
1931,2,,,,,,20167.6
1931,1,,,,,,17604.15
1930,12,,,,,,15164.0
1930,11,,,,,,14295.05
1930,10,,,,,,11046.6
1930,9,,,,,,10005.7
1930,8,,,,,,10305.2
1930,7,,,,,,11267.35
1930,6,,,,,,14298.6
1930,5,,,,,,16358.25
1930,4,,,,,,18912.2
1930,3,,,,,,19870.95
1930,2,,,,,,17927.65
1930,1,,,,,,15056.35
1929,12,,,,,,15292.75
1929,11,,,,,,18050.4
1929,10,,,,,,16152.75
1929,9,,,,,,12146.45
1929,8,,,,,,10832.7
1929,7,,,,,,13541.25
1929,6,,,,,,15921.75
1929,5,,,,,,19075.9
1929,4,,,,,,23100.1
1929,3,,,,,,22639.85
1929,2,,,,,,19095.8
1929,1,,,,,,15198.2
1928,12,,,,,,14093.55
1928,11,,,,,,16373.4
1928,10,,,,,,15954.9
1928,9,,,,,,14842.15
1928,8,,,,,,16426.45
1928,7,,,,,,18606.5
1928,6,,,,,,18684.55
1928,5,,,,,,17850.65
1928,4,,,,,,15343.1
1928,3,,,,,,13371.35
1928,2,,,,,,10860.3
1928,1,,,,,,8374.7
1927,12,,,,,,10533.15
1927,11,,,,,,10960.8
1927,10,,,,,,11096.45
1927,9,,,,,,10720.95
1927,8,,,,,,8414.4
1927,7,,,,,,9663.7
1927,6,,,,,,10774.4
1927,5,,,,,,13185.05
1927,4,,,,,,16063.3
1927,3,,,,,,17069.5
1927,2,,,,,,16644.7
1927,1,,,,,,14370.5
1926,12,,,,,,11828.55
1926,11,,,,,,9931.25
1926,10,,,,,,9633.15
1926,9,,,,,,11292.65
1926,8,,,,,,14063.05
1926,7,,,,,,17316.5
1926,6,,,,,,19245.0
1926,5,,,,,,19716.85
1926,4,,,,,,19979.75
1926,3,,,,,,19850.05
1926,2,,,,,,17000.05
1926,1,,,,,,14456.6
1925,12,,,,,,12573.2
1925,11,,,,,,9556.15
1925,10,,,,,,7561.6
1925,9,,,,,,7464.8
1925,8,,,,,,7868.2
1925,7,,,,,,9109.2
1925,6,,,,,,12126.75
1925,5,,,,,,13205.8
1925,4,,,,,,10871.9
1925,3,,,,,,9871.53871
1925,2,,,,,,12292.15714
1925,1,,,,,,10693.45161
1924,12,,,,,,7360.8
1924,11,,,,,,6952.8
1924,10,,,,,,7314.55
1924,9,,,,,,8143.8
1924,8,,,,,,9308.2
1924,7,,,,,,12153.75
1924,6,,,,,,13314.5
1924,5,,,,,,14900.8
1924,4,,,,,,17507.05
1924,3,,,,,,17214.8
1924,2,,,,,,16071.4
1924,1,,,,,,17742.75
1923,12,,,,,,19171.35
1923,11,,,,,,17483.85
1923,10,,,,,,14891.4
1923,9,,,,,,13387.35
1923,8,,,,,,16865.55
1923,7,,,,,,19131.1
1923,6,,,,,,17610.55
1923,5,,,,,,17804.25
1923,4,,,,,,17526.55
1923,3,,,,,,16474.95
1923,2,,,,,,15154.4
1923,1,,,,,,13205.9
1922,12,,,,,,11708.0
1922,11,,,,,,12235.9
1922,10,,,,,,15164.45
1922,9,,,,,,18352.05
1922,8,,,,,,20422.0
1922,7,,,,,,21394.05
1922,6,,,,,,21370.95
1922,5,,,,,,21098.25
1922,4,,,,,,20052.85
1922,3,,,,,,18228.6
1922,2,,,,,,14793.9
1922,1,,,,,,10557.85
1921,12,,,,,,10580.1
1921,11,,,,,,15116.75
1921,10,,,,,,15830.3
1921,9,,,,,,12850.2
1921,8,,,,,,12739.15
1921,7,,,,,,13738.5
1921,6,,,,,,15785.95
1921,5,,,,,,19861.8
1921,4,,,,,,22825.25
1921,3,,,,,,23078.75
1921,2,,,,,,20653.8
1921,1,,,,,,18709.25
1920,12,,,,,,17018.45
1920,11,,,,,,15331.55
1920,10,,,,,,13932.75
1920,9,,,,,,13204.35
1920,8,,,,,,15044.35
1920,7,,,,,,15257.05
1920,6,,,,,,15170.5
1920,5,,,,,,18255.2
1920,4,,,,,,20966.4
1920,3,,,,,,21077.2
1920,2,,,,,,20714.5
1920,1,,,,,,20214.55
1919,12,,,,,,18349.25
1919,11,,,,,,14297.8
1919,10,,,,,,10882.25
1919,9,,,,,,11857.85
1919,8,,,,,,16271.15
1919,7,,,,,,19345.4
1919,6,,,,,,17481.0
1919,5,,,,,,16332.3
1919,4,,,,,,17469.05
1919,3,,,,,,17727.85
1919,2,,,,,,14828.8
1919,1,,,,,,13421.1
1918,12,,,,,,13419.4
1918,11,,,,,,11872.55
1918,10,,,,,,9837.6
1918,9,,,,,,9113.7
1918,8,,,,,,11358.75
1918,7,,,,,,14497.35
1918,6,,,,,,13713.35
1918,5,,,,,,12155.1
1918,4,,,,,,13510.15
1918,3,,,,,,14588.2
1918,2,,,,,,11634.15
1918,1,,,,,,7903.1
1917,12,,,,,,7264.2
1917,11,,,,,,8957.05
1917,10,,,,,,9290.55
1917,9,,,,,,7586.85
1917,8,,,,,,8448.55
1917,7,,,,,,9151.6
1917,6,,,,,,10111.5
1917,5,,,,,,12586.45
1917,4,,,,,,14185.7
1917,3,,,,,,14152.4
1917,2,,,,,,12802.7
1917,1,,,,,,10478.55
1916,12,,,,,,7407.6
1916,11,,,,,,7241.7
1916,10,,,,,,9672.1
1916,9,,,,,,9615.9
1916,8,,,,,,9366.55
1916,7,,,,,,10672.9
1916,6,,,,,,11539.25
1916,5,,,,,,12066.6
1916,4,,,,,,12850.0
1916,3,,,,,,13772.1
1916,2,,,,,,12923.6
1916,1,,,,,,10474.45
1915,12,,,,,,10748.3
1915,11,,,,,,13613.3
1915,10,,,,,,12290.95
1915,9,,,,,,8340.0
1915,8,,,,,,8920.95
1915,7,,,,,,14014.65
1915,6,,,,,,17714.75
1915,5,,,,,,17644.55
1915,4,,,,,,15785.0
1915,3,,,,,,12745.05161
1915,2,,,,,,16883.85
1915,1,,,,,,19203.77419
1914,12,,,,,,16105.4
1914,11,,,,,,14177.65
1914,10,,,,,,11574.55
1914,9,,,,,,12091.1
1914,8,,,,,,14937.05
1914,7,,,,,,15791.25
1914,6,,,,,,17315.9
1914,5,,,,,,19949.55
1914,4,,,,,,17902.45
1914,3,,,,,,14437.4
1914,2,,,,,,11217.5
1914,1,,,,,,8232.65
1913,12,,,,,,8402.75
1913,11,,,,,,10120.1
1913,10,,,,,,10664.2
1913,9,,,,,,10936.5
1913,8,,,,,,11410.25
1913,7,,,,,,13977.45
1913,6,,,,,,17264.8
1913,5,,,,,,19136.15
1913,4,,,,,,18782.1
1913,3,,,,,,17972.9
1913,2,,,,,,17269.1
1913,1,,,,,,15683.95
1912,12,,,,,,14889.95
1912,11,,,,,,13341.0
1912,10,,,,,,10945.1
1912,9,,,,,,10764.4
1912,8,,,,,,11613.7
1912,7,,,,,,13985.8
1912,6,,,,,,17270.6
1912,5,,,,,,19790.4
1912,4,,,,,,21493.2
1912,3,,,,,,21562.1
1912,2,,,,,,22023.0
1912,1,,,,,,22278.15
1911,12,,,,,,18612.2
1911,11,,,,,,16830.45
1911,10,,,,,,15785.6
1911,9,,,,,,12293.4
1911,8,,,,,,11293.4
1911,7,,,,,,11130.9
1911,6,,,,,,12975.2
1911,5,,,,,,13428.6
1911,4,,,,,,11670.6
1911,3,,,,,,10274.7
1911,2,,,,,,9655.8
1911,1,,,,,,8154.85
1910,12,,,,,,7913.6
1910,11,,,,,,8188.7
1910,10,,,,,,8709.9
1910,9,,,,,,8287.45
1910,8,,,,,,8906.25
1910,7,,,,,,11494.05
1910,6,,,,,,14145.3
1910,5,,,,,,16143.6
1910,4,,,,,,16507.9
1910,3,,,,,,15011.9
1910,2,,,,,,12640.0
1910,1,,,,,,11041.7
1909,12,,,,,,10914.4
1909,11,,,,,,9556.6
1909,10,,,,,,8141.05
1909,9,,,,,,7389.65
1909,8,,,,,,8447.35
1909,7,,,,,,10541.85
1909,6,,,,,,11803.45
1909,5,,,,,,13154.0
1909,4,,,,,,14966.6
1909,3,,,,,,15678.35
1909,2,,,,,,16251.95
1909,1,,,,,,17431.85
1908,12,,,,,,17451.3
1908,11,,,,,,15777.45
1908,10,,,,,,12147.6
1908,9,,,,,,9689.35
1908,8,,,,,,12426.2
1908,7,,,,,,15998.7
1908,6,,,,,,15851.75
1908,5,,,,,,16806.95
1908,4,,,,,,20061.15
1908,3,,,,,,21214.5
1908,2,,,,,,19670.25
1908,1,,,,,,17391.65
1907,12,,,,,,16516.85
1907,11,,,,,,16797.8
1907,10,,,,,,15101.95
1907,9,,,,,,12448.0
1907,8,,,,,,11528.4
1907,7,,,,,,12064.9
1907,6,,,,,,10927.05
1907,5,,,,,,12161.5
1907,4,,,,,,16678.5
1907,3,,,,,,18057.1
1907,2,,,,,,15764.45
1907,1,,,,,,12206.3
1906,12,,,,,,8806.1
1906,11,,,,,,8632.75
1906,10,,,,,,9052.05
1906,9,,,,,,9831.35
1906,8,,,,,,10962.5
1906,7,,,,,,14426.6
1906,6,,,,,,16886.5
1906,5,,,,,,19756.65
1906,4,,,,,,21817.1
1906,3,,,,,,21052.9
1906,2,,,,,,20008.0
1906,1,,,,,,18609.45
1905,12,,,,,,17293.75
1905,11,,,,,,18107.55
1905,10,,,,,,20064.65
1905,9,,,,,,21747.35
1905,8,,,,,,23782.75
1905,7,,,,,,26856.7
1905,6,,,,,,26843.25
1905,5,,,,,,23493.05
1905,4,,,,,,24039.95
1905,3,,,,,,22997.10323
1905,2,,,,,,21600.33214
1905,1,,,,,,20933.95806
